[   10063ms] [INFO] Autofocus processing was blocked because a document already has a focused element. @ http://localhost:3000/:0
[   16381ms] [LOG] [vite] server connection lost. Polling for restart... @ http://localhost:3000/@vite/client:963
[   16404ms] [ERROR] WebSocket connection to 'ws://localhost:3000/' failed: Error in connection establishment: net::ERR_CONNECTION_REFUSED @ http://localhost:3000/@vite/client:1034
[   17439ms] [ERROR] WebSocket connection to 'ws://localhost:3000/' failed: Error in connection establishment: net::ERR_CONNECTION_REFUSED @ http://localhost:3000/@vite/client:1034
[   18456ms] [ERROR] WebSocket connection to 'ws://localhost:3000/' failed: Error in connection establishment: net::ERR_CONNECTION_REFUSED @ http://localhost:3000/@vite/client:1034
[   19492ms] [ERROR] WebSocket connection to 'ws://localhost:3000/' failed: Error in connection establishment: net::ERR_CONNECTION_REFUSED @ http://localhost:3000/@vite/client:1034
[   20521ms] [ERROR] WebSocket connection to 'ws://localhost:3000/' failed: Error in connection establishment: net::ERR_CONNECTION_REFUSED @ http://localhost:3000/@vite/client:1034
[   21581ms] [ERROR] WebSocket connection to 'ws://localhost:3000/' failed: Error in connection establishment: net::ERR_CONNECTION_REFUSED @ http://localhost:3000/@vite/client:1034
[   22653ms] [ERROR] WebSocket connection to 'ws://localhost:3000/' failed: Error in connection establishment: net::ERR_CONNECTION_REFUSED @ http://localhost:3000/@vite/client:1034
[   23697ms] [ERROR] WebSocket connection to 'ws://localhost:3000/' failed: Error in connection establishment: net::ERR_CONNECTION_REFUSED @ http://localhost:3000/@vite/client:1034
[   24723ms] [ERROR] WebSocket connection to 'ws://localhost:3000/' failed: Error in connection establishment: net::ERR_CONNECTION_REFUSED @ http://localhost:3000/@vite/client:1034
[   25790ms] [ERROR] WebSocket connection to 'ws://localhost:3000/' failed: Error in connection establishment: net::ERR_CONNECTION_REFUSED @ http://localhost:3000/@vite/client:1034
[   26893ms] [ERROR] WebSocket connection to 'ws://localhost:3000/' failed: Error in connection establishment: net::ERR_CONNECTION_REFUSED @ http://localhost:3000/@vite/client:1034
[   27938ms] [ERROR] WebSocket connection to 'ws://localhost:3000/' failed: Error in connection establishment: net::ERR_CONNECTION_REFUSED @ http://localhost:3000/@vite/client:1034
[   29024ms] [ERROR] WebSocket connection to 'ws://localhost:3000/' failed: Error in connection establishment: net::ERR_CONNECTION_REFUSED @ http://localhost:3000/@vite/client:1034
[   30071ms] [ERROR] WebSocket connection to 'ws://localhost:3000/' failed: Error in connection establishment: net::ERR_CONNECTION_REFUSED @ http://localhost:3000/@vite/client:1034
[   30101ms] [ERROR] Failed to load resource: net::ERR_CONNECTION_REFUSED @ http://localhost:8000/api/v1/overview/doctor:0
[   30101ms] [ERROR] Failed to load resource: net::ERR_CONNECTION_REFUSED @ http://localhost:8000/api/v1/overview/kpi:0
[   31140ms] [ERROR] WebSocket connection to 'ws://localhost:3000/' failed: Error in connection establishment: net::ERR_CONNECTION_REFUSED @ http://localhost:3000/@vite/client:1034
[   32193ms] [ERROR] WebSocket connection to 'ws://localhost:3000/' failed: Error in connection establishment: net::ERR_CONNECTION_REFUSED @ http://localhost:3000/@vite/client:1034
[   33274ms] [ERROR] WebSocket connection to 'ws://localhost:3000/' failed: Error in connection establishment: net::ERR_CONNECTION_REFUSED @ http://localhost:3000/@vite/client:1034
[   34522ms] [ERROR] WebSocket connection to 'ws://localhost:3000/' failed: Error in connection establishment: net::ERR_CONNECTION_REFUSED @ http://localhost:3000/@vite/client:1034
[   35802ms] [ERROR] WebSocket connection to 'ws://localhost:3000/' failed: Error in connection establishment: net::ERR_CONNECTION_REFUSED @ http://localhost:3000/@vite/client:1034
[   36903ms] [ERROR] WebSocket connection to 'ws://localhost:3000/' failed: Error in connection establishment: net::ERR_CONNECTION_REFUSED @ http://localhost:3000/@vite/client:1034
[   38113ms] [ERROR] WebSocket connection to 'ws://localhost:3000/' failed: Error in connection establishment: net::ERR_CONNECTION_REFUSED @ http://localhost:3000/@vite/client:1034
[   39395ms] [ERROR] WebSocket connection to 'ws://localhost:3000/' failed: Error in connection establishment: net::ERR_CONNECTION_REFUSED @ http://localhost:3000/@vite/client:1034
[   40884ms] [ERROR] WebSocket connection to 'ws://localhost:3000/' failed: Error in connection establishment: net::ERR_CONNECTION_REFUSED @ http://localhost:3000/@vite/client:1034
[   42128ms] [ERROR] WebSocket connection to 'ws://localhost:3000/' failed: Error in connection establishment: net::ERR_CONNECTION_REFUSED @ http://localhost:3000/@vite/client:1034
[   43325ms] [ERROR] WebSocket connection to 'ws://localhost:3000/' failed: Error in connection establishment: net::ERR_CONNECTION_REFUSED @ http://localhost:3000/@vite/client:1034
[   44859ms] [ERROR] WebSocket connection to 'ws://localhost:3000/' failed: Error in connection establishment: net::ERR_CONNECTION_REFUSED @ http://localhost:3000/@vite/client:1034
[   46216ms] [ERROR] WebSocket connection to 'ws://localhost:3000/' failed: Error in connection establishment: net::ERR_CONNECTION_REFUSED @ http://localhost:3000/@vite/client:1034
[   47502ms] [ERROR] WebSocket connection to 'ws://localhost:3000/' failed: Error in connection establishment: net::ERR_CONNECTION_REFUSED @ http://localhost:3000/@vite/client:1034
[   49487ms] [ERROR] WebSocket connection to 'ws://localhost:3000/' failed: Error in connection establishment: net::ERR_CONNECTION_REFUSED @ http://localhost:3000/@vite/client:1034
[   50737ms] [ERROR] WebSocket connection to 'ws://localhost:3000/' failed: Error in connection establishment: net::ERR_CONNECTION_REFUSED @ http://localhost:3000/@vite/client:1034
[   52309ms] [ERROR] WebSocket connection to 'ws://localhost:3000/' failed: Error in connection establishment: net::ERR_CONNECTION_REFUSED @ http://localhost:3000/@vite/client:1034
[   53633ms] [ERROR] WebSocket connection to 'ws://localhost:3000/' failed: Error in connection establishment: net::ERR_CONNECTION_REFUSED @ http://localhost:3000/@vite/client:1034
[   55875ms] [ERROR] WebSocket connection to 'ws://localhost:3000/' failed: Error in connection establishment: net::ERR_CONNECTION_REFUSED @ http://localhost:3000/@vite/client:1034
[   57752ms] [ERROR] WebSocket connection to 'ws://localhost:3000/' failed: Error in connection establishment: net::ERR_CONNECTION_REFUSED @ http://localhost:3000/@vite/client:1034
[   59764ms] [ERROR] WebSocket connection to 'ws://localhost:3000/' failed: Error in connection establishment: net::ERR_CONNECTION_REFUSED @ http://localhost:3000/@vite/client:1034
[   60101ms] [ERROR] Failed to load resource: net::ERR_CONNECTION_REFUSED @ http://localhost:8000/api/v1/overview/doctor:0
[   60101ms] [ERROR] Failed to load resource: net::ERR_CONNECTION_REFUSED @ http://localhost:8000/api/v1/overview/kpi:0
[   62017ms] [ERROR] WebSocket connection to 'ws://localhost:3000/' failed: Error in connection establishment: net::ERR_CONNECTION_REFUSED @ http://localhost:3000/@vite/client:1034
[   65516ms] [ERROR] WebSocket connection to 'ws://localhost:3000/' failed: Error in connection establishment: net::ERR_CONNECTION_REFUSED @ http://localhost:3000/@vite/client:1034
[   68360ms] [ERROR] WebSocket connection to 'ws://localhost:3000/' failed: Error in connection establishment: net::ERR_CONNECTION_REFUSED @ http://localhost:3000/@vite/client:1034
[   70746ms] [ERROR] WebSocket connection to 'ws://localhost:3000/' failed: Error in connection establishment: net::ERR_CONNECTION_REFUSED @ http://localhost:3000/@vite/client:1034
[   74264ms] [ERROR] WebSocket connection to 'ws://localhost:3000/' failed: Error in connection establishment: net::ERR_CONNECTION_REFUSED @ http://localhost:3000/@vite/client:1034
[   79768ms] [ERROR] WebSocket connection to 'ws://localhost:3000/' failed: Error in connection establishment: net::ERR_CONNECTION_REFUSED @ http://localhost:3000/@vite/client:1034
[   84342ms] [ERROR] WebSocket connection to 'ws://localhost:3000/' failed: Error in connection establishment: net::ERR_CONNECTION_REFUSED @ http://localhost:3000/@vite/client:1034
[   88444ms] [ERROR] WebSocket connection to 'ws://localhost:3000/' failed: Error in connection establishment: net::ERR_CONNECTION_REFUSED @ http://localhost:3000/@vite/client:1034
[   90101ms] [ERROR] Failed to load resource: net::ERR_CONNECTION_REFUSED @ http://localhost:8000/api/v1/overview/doctor:0
[   90101ms] [ERROR] Failed to load resource: net::ERR_CONNECTION_REFUSED @ http://localhost:8000/api/v1/overview/kpi:0
[   91296ms] [ERROR] WebSocket connection to 'ws://localhost:3000/' failed: Error in connection establishment: net::ERR_CONNECTION_REFUSED @ http://localhost:3000/@vite/client:1034
[   94826ms] [ERROR] WebSocket connection to 'ws://localhost:3000/' failed: Error in connection establishment: net::ERR_CONNECTION_REFUSED @ http://localhost:3000/@vite/client:1034
[   99361ms] [ERROR] WebSocket connection to 'ws://localhost:3000/' failed: Error in connection establishment: net::ERR_CONNECTION_REFUSED @ http://localhost:3000/@vite/client:1034
[  102582ms] [ERROR] WebSocket connection to 'ws://localhost:3000/' failed: Error in connection establishment: net::ERR_CONNECTION_REFUSED @ http://localhost:3000/@vite/client:1034
[  108441ms] [ERROR] WebSocket connection to 'ws://localhost:3000/' failed: Error in connection establishment: net::ERR_CONNECTION_REFUSED @ http://localhost:3000/@vite/client:1034
[  110859ms] [ERROR] WebSocket connection to 'ws://localhost:3000/' failed: Error in connection establishment: net::ERR_CONNECTION_REFUSED @ http://localhost:3000/@vite/client:1034
[  113998ms] [ERROR] WebSocket connection to 'ws://localhost:3000/' failed: Error in connection establishment: net::ERR_CONNECTION_REFUSED @ http://localhost:3000/@vite/client:1034
[  118736ms] [ERROR] WebSocket connection to 'ws://localhost:3000/' failed: Error in connection establishment: net::ERR_CONNECTION_REFUSED @ http://localhost:3000/@vite/client:1034
[  120101ms] [ERROR] Failed to load resource: net::ERR_CONNECTION_REFUSED @ http://localhost:8000/api/v1/overview/doctor:0
[  120101ms] [ERROR] Failed to load resource: net::ERR_CONNECTION_REFUSED @ http://localhost:8000/api/v1/overview/kpi:0
[  122022ms] [ERROR] WebSocket connection to 'ws://localhost:3000/' failed: Error in connection establishment: net::ERR_CONNECTION_REFUSED @ http://localhost:3000/@vite/client:1034
[  127350ms] [ERROR] WebSocket connection to 'ws://localhost:3000/' failed: Error in connection establishment: net::ERR_CONNECTION_REFUSED @ http://localhost:3000/@vite/client:1034
[  130899ms] [ERROR] WebSocket connection to 'ws://localhost:3000/' failed: Error in connection establishment: net::ERR_CONNECTION_REFUSED @ http://localhost:3000/@vite/client:1034
[  134191ms] [ERROR] WebSocket connection to 'ws://localhost:3000/' failed: Error in connection establishment: net::ERR_CONNECTION_REFUSED @ http://localhost:3000/@vite/client:1034
[  136428ms] [ERROR] WebSocket connection to 'ws://localhost:3000/' failed: Error in connection establishment: net::ERR_CONNECTION_REFUSED @ http://localhost:3000/@vite/client:1034
[  141251ms] [ERROR] WebSocket connection to 'ws://localhost:3000/' failed: Error in connection establishment: net::ERR_CONNECTION_REFUSED @ http://localhost:3000/@vite/client:1034
[  144214ms] [ERROR] WebSocket connection to 'ws://localhost:3000/' failed: Error in connection establishment: net::ERR_CONNECTION_REFUSED @ http://localhost:3000/@vite/client:1034
[  147404ms] [ERROR] WebSocket connection to 'ws://localhost:3000/' failed: Error in connection establishment: net::ERR_CONNECTION_REFUSED @ http://localhost:3000/@vite/client:1034
[  150101ms] [ERROR] Failed to load resource: net::ERR_CONNECTION_REFUSED @ http://localhost:8000/api/v1/overview/doctor:0
[  150101ms] [ERROR] Failed to load resource: net::ERR_CONNECTION_REFUSED @ http://localhost:8000/api/v1/overview/kpi:0
[  150962ms] [ERROR] WebSocket connection to 'ws://localhost:3000/' failed: Error in connection establishment: net::ERR_CONNECTION_REFUSED @ http://localhost:3000/@vite/client:1034
[  155665ms] [ERROR] WebSocket connection to 'ws://localhost:3000/' failed: Error in connection establishment: net::ERR_CONNECTION_REFUSED @ http://localhost:3000/@vite/client:1034
[  160405ms] [ERROR] WebSocket connection to 'ws://localhost:3000/' failed: Error in connection establishment: net::ERR_CONNECTION_REFUSED @ http://localhost:3000/@vite/client:1034
[  165539ms] [ERROR] WebSocket connection to 'ws://localhost:3000/' failed: Error in connection establishment: net::ERR_CONNECTION_REFUSED @ http://localhost:3000/@vite/client:1034
[  169803ms] [ERROR] WebSocket connection to 'ws://localhost:3000/' failed: Error in connection establishment: net::ERR_CONNECTION_REFUSED @ http://localhost:3000/@vite/client:1034
[  172514ms] [ERROR] WebSocket connection to 'ws://localhost:3000/' failed: Error in connection establishment: net::ERR_CONNECTION_REFUSED @ http://localhost:3000/@vite/client:1034
[  176666ms] [ERROR] WebSocket connection to 'ws://localhost:3000/' failed: Error in connection establishment: net::ERR_CONNECTION_REFUSED @ http://localhost:3000/@vite/client:1034
[  179760ms] [ERROR] WebSocket connection to 'ws://localhost:3000/' failed: Error in connection establishment: net::ERR_CONNECTION_REFUSED @ http://localhost:3000/@vite/client:1034
[  180101ms] [ERROR] Failed to load resource: net::ERR_CONNECTION_REFUSED @ http://localhost:8000/api/v1/overview/doctor:0
[  180101ms] [ERROR] Failed to load resource: net::ERR_CONNECTION_REFUSED @ http://localhost:8000/api/v1/overview/kpi:0
[  183661ms] [ERROR] WebSocket connection to 'ws://localhost:3000/' failed: Error in connection establishment: net::ERR_CONNECTION_REFUSED @ http://localhost:3000/@vite/client:1034
[  185876ms] [ERROR] WebSocket connection to 'ws://localhost:3000/' failed: Error in connection establishment: net::ERR_CONNECTION_REFUSED @ http://localhost:3000/@vite/client:1034
[  191775ms] [ERROR] WebSocket connection to 'ws://localhost:3000/' failed: Error in connection establishment: net::ERR_CONNECTION_REFUSED @ http://localhost:3000/@vite/client:1034
[  196884ms] [ERROR] WebSocket connection to 'ws://localhost:3000/' failed: Error in connection establishment: net::ERR_CONNECTION_REFUSED @ http://localhost:3000/@vite/client:1034
[  201779ms] [ERROR] WebSocket connection to 'ws://localhost:3000/' failed: Error in connection establishment: net::ERR_CONNECTION_REFUSED @ http://localhost:3000/@vite/client:1034
[  205374ms] [ERROR] WebSocket connection to 'ws://localhost:3000/' failed: Error in connection establishment: net::ERR_CONNECTION_REFUSED @ http://localhost:3000/@vite/client:1034
[  210101ms] [ERROR] Failed to load resource: net::ERR_CONNECTION_REFUSED @ http://localhost:8000/api/v1/overview/doctor:0
[  210101ms] [ERROR] Failed to load resource: net::ERR_CONNECTION_REFUSED @ http://localhost:8000/api/v1/overview/kpi:0
[  210524ms] [ERROR] WebSocket connection to 'ws://localhost:3000/' failed: Error in connection establishment: net::ERR_CONNECTION_REFUSED @ http://localhost:3000/@vite/client:1034
[  216135ms] [ERROR] WebSocket connection to 'ws://localhost:3000/' failed: Error in connection establishment: net::ERR_CONNECTION_REFUSED @ http://localhost:3000/@vite/client:1034
[  219960ms] [ERROR] WebSocket connection to 'ws://localhost:3000/' failed: Error in connection establishment: net::ERR_CONNECTION_REFUSED @ http://localhost:3000/@vite/client:1034
[  224444ms] [ERROR] WebSocket connection to 'ws://localhost:3000/' failed: Error in connection establishment: net::ERR_CONNECTION_REFUSED @ http://localhost:3000/@vite/client:1034
[  230337ms] [ERROR] WebSocket connection to 'ws://localhost:3000/' failed: Error in connection establishment: net::ERR_CONNECTION_REFUSED @ http://localhost:3000/@vite/client:1034
[  232573ms] [ERROR] WebSocket connection to 'ws://localhost:3000/' failed: Error in connection establishment: net::ERR_CONNECTION_REFUSED @ http://localhost:3000/@vite/client:1034
[  236879ms] [ERROR] WebSocket connection to 'ws://localhost:3000/' failed: Error in connection establishment: net::ERR_CONNECTION_REFUSED @ http://localhost:3000/@vite/client:1034
[  239893ms] [ERROR] WebSocket connection to 'ws://localhost:3000/' failed: Error in connection establishment: net::ERR_CONNECTION_REFUSED @ http://localhost:3000/@vite/client:1034
[  240101ms] [ERROR] Failed to load resource: net::ERR_CONNECTION_REFUSED @ http://localhost:8000/api/v1/overview/doctor:0
[  240101ms] [ERROR] Failed to load resource: net::ERR_CONNECTION_REFUSED @ http://localhost:8000/api/v1/overview/kpi:0
[  241936ms] [ERROR] WebSocket connection to 'ws://localhost:3000/' failed: Error in connection establishment: net::ERR_CONNECTION_REFUSED @ http://localhost:3000/@vite/client:1034
[  244543ms] [ERROR] WebSocket connection to 'ws://localhost:3000/' failed: Error in connection establishment: net::ERR_CONNECTION_REFUSED @ http://localhost:3000/@vite/client:1034
[  246884ms] [ERROR] WebSocket connection to 'ws://localhost:3000/' failed: Error in connection establishment: net::ERR_CONNECTION_REFUSED @ http://localhost:3000/@vite/client:1034
[  251993ms] [ERROR] WebSocket connection to 'ws://localhost:3000/' failed: Error in connection establishment: net::ERR_CONNECTION_REFUSED @ http://localhost:3000/@vite/client:1034
[  257407ms] [ERROR] WebSocket connection to 'ws://localhost:3000/' failed: Error in connection establishment: net::ERR_CONNECTION_REFUSED @ http://localhost:3000/@vite/client:1034
[  260141ms] [ERROR] WebSocket connection to 'ws://localhost:3000/' failed: Error in connection establishment: net::ERR_CONNECTION_REFUSED @ http://localhost:3000/@vite/client:1034
[  264700ms] [ERROR] WebSocket connection to 'ws://localhost:3000/' failed: Error in connection establishment: net::ERR_CONNECTION_REFUSED @ http://localhost:3000/@vite/client:1034
[  268886ms] [ERROR] WebSocket connection to 'ws://localhost:3000/' failed: Error in connection establishment: net::ERR_CONNECTION_REFUSED @ http://localhost:3000/@vite/client:1034
[  270101ms] [ERROR] Failed to load resource: net::ERR_CONNECTION_REFUSED @ http://localhost:8000/api/v1/overview/doctor:0
[  270101ms] [ERROR] Failed to load resource: net::ERR_CONNECTION_REFUSED @ http://localhost:8000/api/v1/overview/kpi:0
[  273685ms] [ERROR] WebSocket connection to 'ws://localhost:3000/' failed: Error in connection establishment: net::ERR_CONNECTION_REFUSED @ http://localhost:3000/@vite/client:1034
[  277101ms] [ERROR] WebSocket connection to 'ws://localhost:3000/' failed: Error in connection establishment: net::ERR_CONNECTION_REFUSED @ http://localhost:3000/@vite/client:1034
[  280235ms] [ERROR] WebSocket connection to 'ws://localhost:3000/' failed: Error in connection establishment: net::ERR_CONNECTION_REFUSED @ http://localhost:3000/@vite/client:1034
[  286033ms] [ERROR] WebSocket connection to 'ws://localhost:3000/' failed: Error in connection establishment: net::ERR_CONNECTION_REFUSED @ http://localhost:3000/@vite/client:1034
[  289773ms] [ERROR] WebSocket connection to 'ws://localhost:3000/' failed: Error in connection establishment: net::ERR_CONNECTION_REFUSED @ http://localhost:3000/@vite/client:1034
[  294720ms] [ERROR] WebSocket connection to 'ws://localhost:3000/' failed: Error in connection establishment: net::ERR_CONNECTION_REFUSED @ http://localhost:3000/@vite/client:1034
[  299172ms] [ERROR] WebSocket connection to 'ws://localhost:3000/' failed: Error in connection establishment: net::ERR_CONNECTION_REFUSED @ http://localhost:3000/@vite/client:1034
[  300101ms] [ERROR] Failed to load resource: net::ERR_CONNECTION_REFUSED @ http://localhost:8000/api/v1/overview/doctor:0
[  300101ms] [ERROR] Failed to load resource: net::ERR_CONNECTION_REFUSED @ http://localhost:8000/api/v1/overview/kpi:0
[  301672ms] [ERROR] WebSocket connection to 'ws://localhost:3000/' failed: Error in connection establishment: net::ERR_CONNECTION_REFUSED @ http://localhost:3000/@vite/client:1034
[  304427ms] [ERROR] WebSocket connection to 'ws://localhost:3000/' failed: Error in connection establishment: net::ERR_CONNECTION_REFUSED @ http://localhost:3000/@vite/client:1034
[  309829ms] [ERROR] WebSocket connection to 'ws://localhost:3000/' failed: Error in connection establishment: net::ERR_CONNECTION_REFUSED @ http://localhost:3000/@vite/client:1034
[  314749ms] [ERROR] WebSocket connection to 'ws://localhost:3000/' failed: Error in connection establishment: net::ERR_CONNECTION_REFUSED @ http://localhost:3000/@vite/client:1034
[  316853ms] [ERROR] WebSocket connection to 'ws://localhost:3000/' failed: Error in connection establishment: net::ERR_CONNECTION_REFUSED @ http://localhost:3000/@vite/client:1034
[  319214ms] [ERROR] WebSocket connection to 'ws://localhost:3000/' failed: Error in connection establishment: net::ERR_CONNECTION_REFUSED @ http://localhost:3000/@vite/client:1034
[  324249ms] [ERROR] WebSocket connection to 'ws://localhost:3000/' failed: Error in connection establishment: net::ERR_CONNECTION_REFUSED @ http://localhost:3000/@vite/client:1034
[  328835ms] [ERROR] WebSocket connection to 'ws://localhost:3000/' failed: Error in connection establishment: net::ERR_CONNECTION_REFUSED @ http://localhost:3000/@vite/client:1034
[  330101ms] [ERROR] Failed to load resource: net::ERR_CONNECTION_REFUSED @ http://localhost:8000/api/v1/overview/doctor:0
[  330101ms] [ERROR] Failed to load resource: net::ERR_CONNECTION_REFUSED @ http://localhost:8000/api/v1/overview/kpi:0
[  333064ms] [ERROR] WebSocket connection to 'ws://localhost:3000/' failed: Error in connection establishment: net::ERR_CONNECTION_REFUSED @ http://localhost:3000/@vite/client:1034
[  336162ms] [ERROR] WebSocket connection to 'ws://localhost:3000/' failed: Error in connection establishment: net::ERR_CONNECTION_REFUSED @ http://localhost:3000/@vite/client:1034
[  340403ms] [ERROR] WebSocket connection to 'ws://localhost:3000/' failed: Error in connection establishment: net::ERR_CONNECTION_REFUSED @ http://localhost:3000/@vite/client:1034
[  346009ms] [ERROR] WebSocket connection to 'ws://localhost:3000/' failed: Error in connection establishment: net::ERR_CONNECTION_REFUSED @ http://localhost:3000/@vite/client:1034
[  348558ms] [ERROR] WebSocket connection to 'ws://localhost:3000/' failed: Error in connection establishment: net::ERR_CONNECTION_REFUSED @ http://localhost:3000/@vite/client:1034
[  352187ms] [ERROR] WebSocket connection to 'ws://localhost:3000/' failed: Error in connection establishment: net::ERR_CONNECTION_REFUSED @ http://localhost:3000/@vite/client:1034
[  357989ms] [ERROR] WebSocket connection to 'ws://localhost:3000/' failed: Error in connection establishment: net::ERR_CONNECTION_REFUSED @ http://localhost:3000/@vite/client:1034
[  360101ms] [ERROR] Failed to load resource: net::ERR_CONNECTION_REFUSED @ http://localhost:8000/api/v1/overview/doctor:0
[  360101ms] [ERROR] Failed to load resource: net::ERR_CONNECTION_REFUSED @ http://localhost:8000/api/v1/overview/kpi:0
[  363529ms] [ERROR] WebSocket connection to 'ws://localhost:3000/' failed: Error in connection establishment: net::ERR_CONNECTION_REFUSED @ http://localhost:3000/@vite/client:1034
[  369235ms] [ERROR] WebSocket connection to 'ws://localhost:3000/' failed: Error in connection establishment: net::ERR_CONNECTION_REFUSED @ http://localhost:3000/@vite/client:1034
[  374927ms] [ERROR] WebSocket connection to 'ws://localhost:3000/' failed: Error in connection establishment: net::ERR_CONNECTION_REFUSED @ http://localhost:3000/@vite/client:1034
[  379259ms] [ERROR] WebSocket connection to 'ws://localhost:3000/' failed: Error in connection establishment: net::ERR_CONNECTION_REFUSED @ http://localhost:3000/@vite/client:1034
[  383504ms] [ERROR] WebSocket connection to 'ws://localhost:3000/' failed: Error in connection establishment: net::ERR_CONNECTION_REFUSED @ http://localhost:3000/@vite/client:1034
[  388755ms] [ERROR] WebSocket connection to 'ws://localhost:3000/' failed: Error in connection establishment: net::ERR_CONNECTION_REFUSED @ http://localhost:3000/@vite/client:1034
[  390101ms] [ERROR] Failed to load resource: net::ERR_CONNECTION_REFUSED @ http://localhost:8000/api/v1/overview/doctor:0
[  390101ms] [ERROR] Failed to load resource: net::ERR_CONNECTION_REFUSED @ http://localhost:8000/api/v1/overview/kpi:0
[  394493ms] [ERROR] WebSocket connection to 'ws://localhost:3000/' failed: Error in connection establishment: net::ERR_CONNECTION_REFUSED @ http://localhost:3000/@vite/client:1034
[  397796ms] [ERROR] WebSocket connection to 'ws://localhost:3000/' failed: Error in connection establishment: net::ERR_CONNECTION_REFUSED @ http://localhost:3000/@vite/client:1034
[  402781ms] [ERROR] WebSocket connection to 'ws://localhost:3000/' failed: Error in connection establishment: net::ERR_CONNECTION_REFUSED @ http://localhost:3000/@vite/client:1034
[  406527ms] [ERROR] WebSocket connection to 'ws://localhost:3000/' failed: Error in connection establishment: net::ERR_CONNECTION_REFUSED @ http://localhost:3000/@vite/client:1034
[  412272ms] [ERROR] WebSocket connection to 'ws://localhost:3000/' failed: Error in connection establishment: net::ERR_CONNECTION_REFUSED @ http://localhost:3000/@vite/client:1034
[  415017ms] [ERROR] WebSocket connection to 'ws://localhost:3000/' failed: Error in connection establishment: net::ERR_CONNECTION_REFUSED @ http://localhost:3000/@vite/client:1034
[  419300ms] [ERROR] WebSocket connection to 'ws://localhost:3000/' failed: Error in connection establishment: net::ERR_CONNECTION_REFUSED @ http://localhost:3000/@vite/client:1034
[  420101ms] [ERROR] Failed to load resource: net::ERR_CONNECTION_REFUSED @ http://localhost:8000/api/v1/overview/doctor:0
[  420101ms] [ERROR] Failed to load resource: net::ERR_CONNECTION_REFUSED @ http://localhost:8000/api/v1/overview/kpi:0
[  423520ms] [ERROR] WebSocket connection to 'ws://localhost:3000/' failed: Error in connection establishment: net::ERR_CONNECTION_REFUSED @ http://localhost:3000/@vite/client:1034
[  426303ms] [ERROR] WebSocket connection to 'ws://localhost:3000/' failed: Error in connection establishment: net::ERR_CONNECTION_REFUSED @ http://localhost:3000/@vite/client:1034
[  428551ms] [ERROR] WebSocket connection to 'ws://localhost:3000/' failed: Error in connection establishment: net::ERR_CONNECTION_REFUSED @ http://localhost:3000/@vite/client:1034
[  434337ms] [ERROR] WebSocket connection to 'ws://localhost:3000/' failed: Error in connection establishment: net::ERR_CONNECTION_REFUSED @ http://localhost:3000/@vite/client:1034
[  438048ms] [ERROR] WebSocket connection to 'ws://localhost:3000/' failed: Error in connection establishment: net::ERR_CONNECTION_REFUSED @ http://localhost:3000/@vite/client:1034
[  442079ms] [ERROR] WebSocket connection to 'ws://localhost:3000/' failed: Error in connection establishment: net::ERR_CONNECTION_REFUSED @ http://localhost:3000/@vite/client:1034
[  444222ms] [ERROR] WebSocket connection to 'ws://localhost:3000/' failed: Error in connection establishment: net::ERR_CONNECTION_REFUSED @ http://localhost:3000/@vite/client:1034
[  448670ms] [ERROR] WebSocket connection to 'ws://localhost:3000/' failed: Error in connection establishment: net::ERR_CONNECTION_REFUSED @ http://localhost:3000/@vite/client:1034
[  450101ms] [ERROR] Failed to load resource: net::ERR_CONNECTION_REFUSED @ http://localhost:8000/api/v1/overview/doctor:0
[  450101ms] [ERROR] Failed to load resource: net::ERR_CONNECTION_REFUSED @ http://localhost:8000/api/v1/overview/kpi:0
[  454171ms] [ERROR] WebSocket connection to 'ws://localhost:3000/' failed: Error in connection establishment: net::ERR_CONNECTION_REFUSED @ http://localhost:3000/@vite/client:1034
[  457050ms] [ERROR] WebSocket connection to 'ws://localhost:3000/' failed: Error in connection establishment: net::ERR_CONNECTION_REFUSED @ http://localhost:3000/@vite/client:1034
[  462990ms] [ERROR] WebSocket connection to 'ws://localhost:3000/' failed: Error in connection establishment: net::ERR_CONNECTION_REFUSED @ http://localhost:3000/@vite/client:1034
[  465955ms] [ERROR] WebSocket connection to 'ws://localhost:3000/' failed: Error in connection establishment: net::ERR_CONNECTION_REFUSED @ http://localhost:3000/@vite/client:1034
[  468048ms] [ERROR] WebSocket connection to 'ws://localhost:3000/' failed: Error in connection establishment: net::ERR_CONNECTION_REFUSED @ http://localhost:3000/@vite/client:1034
[  470646ms] [ERROR] WebSocket connection to 'ws://localhost:3000/' failed: Error in connection establishment: net::ERR_CONNECTION_REFUSED @ http://localhost:3000/@vite/client:1034
[  474051ms] [ERROR] WebSocket connection to 'ws://localhost:3000/' failed: Error in connection establishment: net::ERR_CONNECTION_REFUSED @ http://localhost:3000/@vite/client:1034
[  478382ms] [ERROR] WebSocket connection to 'ws://localhost:3000/' failed: Error in connection establishment: net::ERR_CONNECTION_REFUSED @ http://localhost:3000/@vite/client:1034
[  480101ms] [ERROR] Failed to load resource: net::ERR_CONNECTION_REFUSED @ http://localhost:8000/api/v1/overview/doctor:0
[  480101ms] [ERROR] Failed to load resource: net::ERR_CONNECTION_REFUSED @ http://localhost:8000/api/v1/overview/kpi:0
[  481481ms] [ERROR] WebSocket connection to 'ws://localhost:3000/' failed: Error in connection establishment: net::ERR_CONNECTION_REFUSED @ http://localhost:3000/@vite/client:1034
[  486499ms] [ERROR] WebSocket connection to 'ws://localhost:3000/' failed: Error in connection establishment: net::ERR_CONNECTION_REFUSED @ http://localhost:3000/@vite/client:1034
[  489303ms] [ERROR] WebSocket connection to 'ws://localhost:3000/' failed: Error in connection establishment: net::ERR_CONNECTION_REFUSED @ http://localhost:3000/@vite/client:1034
[  494602ms] [ERROR] WebSocket connection to 'ws://localhost:3000/' failed: Error in connection establishment: net::ERR_CONNECTION_REFUSED @ http://localhost:3000/@vite/client:1034
[  499126ms] [ERROR] WebSocket connection to 'ws://localhost:3000/' failed: Error in connection establishment: net::ERR_CONNECTION_REFUSED @ http://localhost:3000/@vite/client:1034
[  502085ms] [ERROR] WebSocket connection to 'ws://localhost:3000/' failed: Error in connection establishment: net::ERR_CONNECTION_REFUSED @ http://localhost:3000/@vite/client:1034
[  505137ms] [ERROR] WebSocket connection to 'ws://localhost:3000/' failed: Error in connection establishment: net::ERR_CONNECTION_REFUSED @ http://localhost:3000/@vite/client:1034
[  509464ms] [ERROR] WebSocket connection to 'ws://localhost:3000/' failed: Error in connection establishment: net::ERR_CONNECTION_REFUSED @ http://localhost:3000/@vite/client:1034
[  510101ms] [ERROR] Failed to load resource: net::ERR_CONNECTION_REFUSED @ http://localhost:8000/api/v1/overview/doctor:0
[  510101ms] [ERROR] Failed to load resource: net::ERR_CONNECTION_REFUSED @ http://localhost:8000/api/v1/overview/kpi:0
[  512341ms] [ERROR] WebSocket connection to 'ws://localhost:3000/' failed: Error in connection establishment: net::ERR_CONNECTION_REFUSED @ http://localhost:3000/@vite/client:1034
[  516577ms] [ERROR] WebSocket connection to 'ws://localhost:3000/' failed: Error in connection establishment: net::ERR_CONNECTION_REFUSED @ http://localhost:3000/@vite/client:1034
[  519935ms] [ERROR] WebSocket connection to 'ws://localhost:3000/' failed: Error in connection establishment: net::ERR_CONNECTION_REFUSED @ http://localhost:3000/@vite/client:1034
[  524912ms] [ERROR] WebSocket connection to 'ws://localhost:3000/' failed: Error in connection establishment: net::ERR_CONNECTION_REFUSED @ http://localhost:3000/@vite/client:1034
[  530244ms] [ERROR] WebSocket connection to 'ws://localhost:3000/' failed: Error in connection establishment: net::ERR_CONNECTION_REFUSED @ http://localhost:3000/@vite/client:1034
[  535781ms] [ERROR] WebSocket connection to 'ws://localhost:3000/' failed: Error in connection establishment: net::ERR_CONNECTION_REFUSED @ http://localhost:3000/@vite/client:1034
[  540020ms] [ERROR] WebSocket connection to 'ws://localhost:3000/' failed: Error in connection establishment: net::ERR_CONNECTION_REFUSED @ http://localhost:3000/@vite/client:1034
[  540101ms] [ERROR] Failed to load resource: net::ERR_CONNECTION_REFUSED @ http://localhost:8000/api/v1/overview/doctor:0
[  540101ms] [ERROR] Failed to load resource: net::ERR_CONNECTION_REFUSED @ http://localhost:8000/api/v1/overview/kpi:0
[  544371ms] [ERROR] WebSocket connection to 'ws://localhost:3000/' failed: Error in connection establishment: net::ERR_CONNECTION_REFUSED @ http://localhost:3000/@vite/client:1034
[  547050ms] [ERROR] WebSocket connection to 'ws://localhost:3000/' failed: Error in connection establishment: net::ERR_CONNECTION_REFUSED @ http://localhost:3000/@vite/client:1034
[  550461ms] [ERROR] WebSocket connection to 'ws://localhost:3000/' failed: Error in connection establishment: net::ERR_CONNECTION_REFUSED @ http://localhost:3000/@vite/client:1034
[  552696ms] [ERROR] WebSocket connection to 'ws://localhost:3000/' failed: Error in connection establishment: net::ERR_CONNECTION_REFUSED @ http://localhost:3000/@vite/client:1034
[  555821ms] [ERROR] WebSocket connection to 'ws://localhost:3000/' failed: Error in connection establishment: net::ERR_CONNECTION_REFUSED @ http://localhost:3000/@vite/client:1034
[  560129ms] [ERROR] WebSocket connection to 'ws://localhost:3000/' failed: Error in connection establishment: net::ERR_CONNECTION_REFUSED @ http://localhost:3000/@vite/client:1034
[  562496ms] [ERROR] WebSocket connection to 'ws://localhost:3000/' failed: Error in connection establishment: net::ERR_CONNECTION_REFUSED @ http://localhost:3000/@vite/client:1034
[  565952ms] [ERROR] WebSocket connection to 'ws://localhost:3000/' failed: Error in connection establishment: net::ERR_CONNECTION_REFUSED @ http://localhost:3000/@vite/client:1034
[  570101ms] [ERROR] Failed to load resource: net::ERR_CONNECTION_REFUSED @ http://localhost:8000/api/v1/overview/doctor:0
[  570101ms] [ERROR] Failed to load resource: net::ERR_CONNECTION_REFUSED @ http://localhost:8000/api/v1/overview/kpi:0
[  570869ms] [ERROR] WebSocket connection to 'ws://localhost:3000/' failed: Error in connection establishment: net::ERR_CONNECTION_REFUSED @ http://localhost:3000/@vite/client:1034
[  573672ms] [ERROR] WebSocket connection to 'ws://localhost:3000/' failed: Error in connection establishment: net::ERR_CONNECTION_REFUSED @ http://localhost:3000/@vite/client:1034
[  577947ms] [ERROR] WebSocket connection to 'ws://localhost:3000/' failed: Error in connection establishment: net::ERR_CONNECTION_REFUSED @ http://localhost:3000/@vite/client:1034
[  580699ms] [ERROR] WebSocket connection to 'ws://localhost:3000/' failed: Error in connection establishment: net::ERR_CONNECTION_REFUSED @ http://localhost:3000/@vite/client:1034
[  585003ms] [ERROR] WebSocket connection to 'ws://localhost:3000/' failed: Error in connection establishment: net::ERR_CONNECTION_REFUSED @ http://localhost:3000/@vite/client:1034
[  587072ms] [ERROR] WebSocket connection to 'ws://localhost:3000/' failed: Error in connection establishment: net::ERR_CONNECTION_REFUSED @ http://localhost:3000/@vite/client:1034
[  589262ms] [ERROR] WebSocket connection to 'ws://localhost:3000/' failed: Error in connection establishment: net::ERR_CONNECTION_REFUSED @ http://localhost:3000/@vite/client:1034
[  594119ms] [ERROR] WebSocket connection to 'ws://localhost:3000/' failed: Error in connection establishment: net::ERR_CONNECTION_REFUSED @ http://localhost:3000/@vite/client:1034
[  597011ms] [ERROR] WebSocket connection to 'ws://localhost:3000/' failed: Error in connection establishment: net::ERR_CONNECTION_REFUSED @ http://localhost:3000/@vite/client:1034
[  600101ms] [ERROR] Failed to load resource: net::ERR_CONNECTION_REFUSED @ http://localhost:8000/api/v1/overview/doctor:0
[  600101ms] [ERROR] Failed to load resource: net::ERR_CONNECTION_REFUSED @ http://localhost:8000/api/v1/overview/kpi:0
[  601851ms] [ERROR] WebSocket connection to 'ws://localhost:3000/' failed: Error in connection establishment: net::ERR_CONNECTION_REFUSED @ http://localhost:3000/@vite/client:1034
[  605804ms] [ERROR] WebSocket connection to 'ws://localhost:3000/' failed: Error in connection establishment: net::ERR_CONNECTION_REFUSED @ http://localhost:3000/@vite/client:1034
[  609103ms] [ERROR] WebSocket connection to 'ws://localhost:3000/' failed: Error in connection establishment: net::ERR_CONNECTION_REFUSED @ http://localhost:3000/@vite/client:1034
[  612694ms] [ERROR] WebSocket connection to 'ws://localhost:3000/' failed: Error in connection establishment: net::ERR_CONNECTION_REFUSED @ http://localhost:3000/@vite/client:1034
[  618235ms] [ERROR] WebSocket connection to 'ws://localhost:3000/' failed: Error in connection establishment: net::ERR_CONNECTION_REFUSED @ http://localhost:3000/@vite/client:1034
[  622267ms] [ERROR] WebSocket connection to 'ws://localhost:3000/' failed: Error in connection establishment: net::ERR_CONNECTION_REFUSED @ http://localhost:3000/@vite/client:1034
[  627941ms] [ERROR] WebSocket connection to 'ws://localhost:3000/' failed: Error in connection establishment: net::ERR_CONNECTION_REFUSED @ http://localhost:3000/@vite/client:1034
[  630101ms] [ERROR] Failed to load resource: net::ERR_CONNECTION_REFUSED @ http://localhost:8000/api/v1/overview/doctor:0
[  630101ms] [ERROR] Failed to load resource: net::ERR_CONNECTION_REFUSED @ http://localhost:8000/api/v1/overview/kpi:0
[  630496ms] [ERROR] WebSocket connection to 'ws://localhost:3000/' failed: Error in connection establishment: net::ERR_CONNECTION_REFUSED @ http://localhost:3000/@vite/client:1034
[  633569ms] [ERROR] WebSocket connection to 'ws://localhost:3000/' failed: Error in connection establishment: net::ERR_CONNECTION_REFUSED @ http://localhost:3000/@vite/client:1034
[  636735ms] [ERROR] WebSocket connection to 'ws://localhost:3000/' failed: Error in connection establishment: net::ERR_CONNECTION_REFUSED @ http://localhost:3000/@vite/client:1034
[  641024ms] [ERROR] WebSocket connection to 'ws://localhost:3000/' failed: Error in connection establishment: net::ERR_CONNECTION_REFUSED @ http://localhost:3000/@vite/client:1034
[  645071ms] [ERROR] WebSocket connection to 'ws://localhost:3000/' failed: Error in connection establishment: net::ERR_CONNECTION_REFUSED @ http://localhost:3000/@vite/client:1034
[  648341ms] [ERROR] WebSocket connection to 'ws://localhost:3000/' failed: Error in connection establishment: net::ERR_CONNECTION_REFUSED @ http://localhost:3000/@vite/client:1034
[  653912ms] [ERROR] WebSocket connection to 'ws://localhost:3000/' failed: Error in connection establishment: net::ERR_CONNECTION_REFUSED @ http://localhost:3000/@vite/client:1034
[  657685ms] [ERROR] WebSocket connection to 'ws://localhost:3000/' failed: Error in connection establishment: net::ERR_CONNECTION_REFUSED @ http://localhost:3000/@vite/client:1034
[  660100ms] [ERROR] Failed to load resource: net::ERR_CONNECTION_REFUSED @ http://localhost:8000/api/v1/overview/doctor:0
[  660101ms] [ERROR] Failed to load resource: net::ERR_CONNECTION_REFUSED @ http://localhost:8000/api/v1/overview/kpi:0
[  662250ms] [ERROR] WebSocket connection to 'ws://localhost:3000/' failed: Error in connection establishment: net::ERR_CONNECTION_REFUSED @ http://localhost:3000/@vite/client:1034
[  666800ms] [ERROR] WebSocket connection to 'ws://localhost:3000/' failed: Error in connection establishment: net::ERR_CONNECTION_REFUSED @ http://localhost:3000/@vite/client:1034
[  671326ms] [ERROR] WebSocket connection to 'ws://localhost:3000/' failed: Error in connection establishment: net::ERR_CONNECTION_REFUSED @ http://localhost:3000/@vite/client:1034
[  676387ms] [ERROR] WebSocket connection to 'ws://localhost:3000/' failed: Error in connection establishment: net::ERR_CONNECTION_REFUSED @ http://localhost:3000/@vite/client:1034
[  679393ms] [ERROR] WebSocket connection to 'ws://localhost:3000/' failed: Error in connection establishment: net::ERR_CONNECTION_REFUSED @ http://localhost:3000/@vite/client:1034
[  682891ms] [ERROR] WebSocket connection to 'ws://localhost:3000/' failed: Error in connection establishment: net::ERR_CONNECTION_REFUSED @ http://localhost:3000/@vite/client:1034
[  687663ms] [ERROR] WebSocket connection to 'ws://localhost:3000/' failed: Error in connection establishment: net::ERR_CONNECTION_REFUSED @ http://localhost:3000/@vite/client:1034
[  690101ms] [ERROR] Failed to load resource: net::ERR_CONNECTION_REFUSED @ http://localhost:8000/api/v1/overview/doctor:0
[  690101ms] [ERROR] Failed to load resource: net::ERR_CONNECTION_REFUSED @ http://localhost:8000/api/v1/overview/kpi:0
[  693367ms] [ERROR] WebSocket connection to 'ws://localhost:3000/' failed: Error in connection establishment: net::ERR_CONNECTION_REFUSED @ http://localhost:3000/@vite/client:1034
[  698023ms] [ERROR] WebSocket connection to 'ws://localhost:3000/' failed: Error in connection establishment: net::ERR_CONNECTION_REFUSED @ http://localhost:3000/@vite/client:1034
[  702636ms] [ERROR] WebSocket connection to 'ws://localhost:3000/' failed: Error in connection establishment: net::ERR_CONNECTION_REFUSED @ http://localhost:3000/@vite/client:1034
[  708234ms] [ERROR] WebSocket connection to 'ws://localhost:3000/' failed: Error in connection establishment: net::ERR_CONNECTION_REFUSED @ http://localhost:3000/@vite/client:1034
[  713689ms] [ERROR] WebSocket connection to 'ws://localhost:3000/' failed: Error in connection establishment: net::ERR_CONNECTION_REFUSED @ http://localhost:3000/@vite/client:1034
[  717670ms] [ERROR] WebSocket connection to 'ws://localhost:3000/' failed: Error in connection establishment: net::ERR_CONNECTION_REFUSED @ http://localhost:3000/@vite/client:1034
[  720101ms] [ERROR] Failed to load resource: net::ERR_CONNECTION_REFUSED @ http://localhost:8000/api/v1/overview/doctor:0
[  720101ms] [ERROR] Failed to load resource: net::ERR_CONNECTION_REFUSED @ http://localhost:8000/api/v1/overview/kpi:0
[  723019ms] [ERROR] WebSocket connection to 'ws://localhost:3000/' failed: Error in connection establishment: net::ERR_CONNECTION_REFUSED @ http://localhost:3000/@vite/client:1034
[  726136ms] [ERROR] WebSocket connection to 'ws://localhost:3000/' failed: Error in connection establishment: net::ERR_CONNECTION_REFUSED @ http://localhost:3000/@vite/client:1034
[  728793ms] [ERROR] WebSocket connection to 'ws://localhost:3000/' failed: Error in connection establishment: net::ERR_CONNECTION_REFUSED @ http://localhost:3000/@vite/client:1034
[  733134ms] [ERROR] WebSocket connection to 'ws://localhost:3000/' failed: Error in connection establishment: net::ERR_CONNECTION_REFUSED @ http://localhost:3000/@vite/client:1034
[  736763ms] [ERROR] WebSocket connection to 'ws://localhost:3000/' failed: Error in connection establishment: net::ERR_CONNECTION_REFUSED @ http://localhost:3000/@vite/client:1034
[  738971ms] [ERROR] WebSocket connection to 'ws://localhost:3000/' failed: Error in connection establishment: net::ERR_CONNECTION_REFUSED @ http://localhost:3000/@vite/client:1034
[  744288ms] [ERROR] WebSocket connection to 'ws://localhost:3000/' failed: Error in connection establishment: net::ERR_CONNECTION_REFUSED @ http://localhost:3000/@vite/client:1034
[  746609ms] [ERROR] WebSocket connection to 'ws://localhost:3000/' failed: Error in connection establishment: net::ERR_CONNECTION_REFUSED @ http://localhost:3000/@vite/client:1034
[  750101ms] [ERROR] Failed to load resource: net::ERR_CONNECTION_REFUSED @ http://localhost:8000/api/v1/overview/doctor:0
[  750101ms] [ERROR] Failed to load resource: net::ERR_CONNECTION_REFUSED @ http://localhost:8000/api/v1/overview/kpi:0
[  751899ms] [ERROR] WebSocket connection to 'ws://localhost:3000/' failed: Error in connection establishment: net::ERR_CONNECTION_REFUSED @ http://localhost:3000/@vite/client:1034
[  756581ms] [ERROR] WebSocket connection to 'ws://localhost:3000/' failed: Error in connection establishment: net::ERR_CONNECTION_REFUSED @ http://localhost:3000/@vite/client:1034
[  761789ms] [ERROR] WebSocket connection to 'ws://localhost:3000/' failed: Error in connection establishment: net::ERR_CONNECTION_REFUSED @ http://localhost:3000/@vite/client:1034
[  764600ms] [ERROR] WebSocket connection to 'ws://localhost:3000/' failed: Error in connection establishment: net::ERR_CONNECTION_REFUSED @ http://localhost:3000/@vite/client:1034
[  769439ms] [ERROR] WebSocket connection to 'ws://localhost:3000/' failed: Error in connection establishment: net::ERR_CONNECTION_REFUSED @ http://localhost:3000/@vite/client:1034
[  770440ms] [ERROR] WebSocket connection to 'ws://localhost:3000/' failed: Error in connection establishment: net::ERR_CONNECTION_REFUSED @ http://localhost:3000/@vite/client:1034
[  771442ms] [ERROR] WebSocket connection to 'ws://localhost:3000/' failed: Error in connection establishment: net::ERR_CONNECTION_REFUSED @ http://localhost:3000/@vite/client:1034
[  772443ms] [ERROR] WebSocket connection to 'ws://localhost:3000/' failed: Error in connection establishment: net::ERR_CONNECTION_REFUSED @ http://localhost:3000/@vite/client:1034
[  773444ms] [ERROR] WebSocket connection to 'ws://localhost:3000/' failed: Error in connection establishment: net::ERR_CONNECTION_REFUSED @ http://localhost:3000/@vite/client:1034
[  774447ms] [ERROR] WebSocket connection to 'ws://localhost:3000/' failed: Error in connection establishment: net::ERR_CONNECTION_REFUSED @ http://localhost:3000/@vite/client:1034
[  775452ms] [ERROR] WebSocket connection to 'ws://localhost:3000/' failed: Error in connection establishment: net::ERR_CONNECTION_REFUSED @ http://localhost:3000/@vite/client:1034
[  776460ms] [ERROR] WebSocket connection to 'ws://localhost:3000/' failed: Error in connection establishment: net::ERR_CONNECTION_REFUSED @ http://localhost:3000/@vite/client:1034
[  777480ms] [ERROR] WebSocket connection to 'ws://localhost:3000/' failed: Error in connection establishment: net::ERR_CONNECTION_REFUSED @ http://localhost:3000/@vite/client:1034
[  778505ms] [ERROR] WebSocket connection to 'ws://localhost:3000/' failed: Error in connection establishment: net::ERR_CONNECTION_REFUSED @ http://localhost:3000/@vite/client:1034
[  779563ms] [ERROR] WebSocket connection to 'ws://localhost:3000/' failed: Error in connection establishment: net::ERR_CONNECTION_REFUSED @ http://localhost:3000/@vite/client:1034
[  780100ms] [ERROR] Failed to load resource: net::ERR_CONNECTION_REFUSED @ http://localhost:8000/api/v1/overview/doctor:0
[  780101ms] [ERROR] Failed to load resource: net::ERR_CONNECTION_REFUSED @ http://localhost:8000/api/v1/overview/kpi:0
[  780684ms] [ERROR] WebSocket connection to 'ws://localhost:3000/' failed: Error in connection establishment: net::ERR_CONNECTION_REFUSED @ http://localhost:3000/@vite/client:1034
[  781917ms] [ERROR] WebSocket connection to 'ws://localhost:3000/' failed: Error in connection establishment: net::ERR_CONNECTION_REFUSED @ http://localhost:3000/@vite/client:1034
[  783544ms] [ERROR] WebSocket connection to 'ws://localhost:3000/' failed: Error in connection establishment: net::ERR_CONNECTION_REFUSED @ http://localhost:3000/@vite/client:1034
[  785332ms] [ERROR] WebSocket connection to 'ws://localhost:3000/' failed: Error in connection establishment: net::ERR_CONNECTION_REFUSED @ http://localhost:3000/@vite/client:1034
[  788268ms] [ERROR] WebSocket connection to 'ws://localhost:3000/' failed: Error in connection establishment: net::ERR_CONNECTION_REFUSED @ http://localhost:3000/@vite/client:1034
[  792590ms] [ERROR] WebSocket connection to 'ws://localhost:3000/' failed: Error in connection establishment: net::ERR_CONNECTION_REFUSED @ http://localhost:3000/@vite/client:1034
[  798496ms] [ERROR] WebSocket connection to 'ws://localhost:3000/' failed: Error in connection establishment: net::ERR_CONNECTION_REFUSED @ http://localhost:3000/@vite/client:1034
[  804028ms] [ERROR] WebSocket connection to 'ws://localhost:3000/' failed: Error in connection establishment: net::ERR_CONNECTION_REFUSED @ http://localhost:3000/@vite/client:1034
[  807028ms] [ERROR] WebSocket connection to 'ws://localhost:3000/' failed: Error in connection establishment: net::ERR_CONNECTION_REFUSED @ http://localhost:3000/@vite/client:1034
[  810101ms] [ERROR] Failed to load resource: net::ERR_CONNECTION_REFUSED @ http://localhost:8000/api/v1/overview/doctor:0
[  810101ms] [ERROR] Failed to load resource: net::ERR_CONNECTION_REFUSED @ http://localhost:8000/api/v1/overview/kpi:0
[  812939ms] [ERROR] WebSocket connection to 'ws://localhost:3000/' failed: Error in connection establishment: net::ERR_CONNECTION_REFUSED @ http://localhost:3000/@vite/client:1034
[  818754ms] [ERROR] WebSocket connection to 'ws://localhost:3000/' failed: Error in connection establishment: net::ERR_CONNECTION_REFUSED @ http://localhost:3000/@vite/client:1034
[  823695ms] [ERROR] WebSocket connection to 'ws://localhost:3000/' failed: Error in connection establishment: net::ERR_CONNECTION_REFUSED @ http://localhost:3000/@vite/client:1034
[  827860ms] [ERROR] WebSocket connection to 'ws://localhost:3000/' failed: Error in connection establishment: net::ERR_CONNECTION_REFUSED @ http://localhost:3000/@vite/client:1034
[  831469ms] [ERROR] WebSocket connection to 'ws://localhost:3000/' failed: Error in connection establishment: net::ERR_CONNECTION_REFUSED @ http://localhost:3000/@vite/client:1034
[  835817ms] [ERROR] WebSocket connection to 'ws://localhost:3000/' failed: Error in connection establishment: net::ERR_CONNECTION_REFUSED @ http://localhost:3000/@vite/client:1034
[  838082ms] [ERROR] WebSocket connection to 'ws://localhost:3000/' failed: Error in connection establishment: net::ERR_CONNECTION_REFUSED @ http://localhost:3000/@vite/client:1034
[  840101ms] [ERROR] Failed to load resource: net::ERR_CONNECTION_REFUSED @ http://localhost:8000/api/v1/overview/doctor:0
[  840101ms] [ERROR] Failed to load resource: net::ERR_CONNECTION_REFUSED @ http://localhost:8000/api/v1/overview/kpi:0
[  842198ms] [ERROR] WebSocket connection to 'ws://localhost:3000/' failed: Error in connection establishment: net::ERR_CONNECTION_REFUSED @ http://localhost:3000/@vite/client:1034
[  845544ms] [ERROR] WebSocket connection to 'ws://localhost:3000/' failed: Error in connection establishment: net::ERR_CONNECTION_REFUSED @ http://localhost:3000/@vite/client:1034
[  848764ms] [ERROR] WebSocket connection to 'ws://localhost:3000/' failed: Error in connection establishment: net::ERR_CONNECTION_REFUSED @ http://localhost:3000/@vite/client:1034
[  853983ms] [ERROR] WebSocket connection to 'ws://localhost:3000/' failed: Error in connection establishment: net::ERR_CONNECTION_REFUSED @ http://localhost:3000/@vite/client:1034
[  859974ms] [ERROR] WebSocket connection to 'ws://localhost:3000/' failed: Error in connection establishment: net::ERR_CONNECTION_REFUSED @ http://localhost:3000/@vite/client:1034
[  863657ms] [ERROR] WebSocket connection to 'ws://localhost:3000/' failed: Error in connection establishment: net::ERR_CONNECTION_REFUSED @ http://localhost:3000/@vite/client:1034
[  869148ms] [ERROR] WebSocket connection to 'ws://localhost:3000/' failed: Error in connection establishment: net::ERR_CONNECTION_REFUSED @ http://localhost:3000/@vite/client:1034
[  870101ms] [ERROR] Failed to load resource: net::ERR_CONNECTION_REFUSED @ http://localhost:8000/api/v1/overview/doctor:0
[  870101ms] [ERROR] Failed to load resource: net::ERR_CONNECTION_REFUSED @ http://localhost:8000/api/v1/overview/kpi:0
[  873759ms] [ERROR] WebSocket connection to 'ws://localhost:3000/' failed: Error in connection establishment: net::ERR_CONNECTION_REFUSED @ http://localhost:3000/@vite/client:1034
[  877707ms] [ERROR] WebSocket connection to 'ws://localhost:3000/' failed: Error in connection establishment: net::ERR_CONNECTION_REFUSED @ http://localhost:3000/@vite/client:1034
[  883480ms] [ERROR] WebSocket connection to 'ws://localhost:3000/' failed: Error in connection establishment: net::ERR_CONNECTION_REFUSED @ http://localhost:3000/@vite/client:1034
[  888683ms] [ERROR] WebSocket connection to 'ws://localhost:3000/' failed: Error in connection establishment: net::ERR_CONNECTION_REFUSED @ http://localhost:3000/@vite/client:1034
[  894533ms] [ERROR] WebSocket connection to 'ws://localhost:3000/' failed: Error in connection establishment: net::ERR_CONNECTION_REFUSED @ http://localhost:3000/@vite/client:1034
[  896701ms] [ERROR] WebSocket connection to 'ws://localhost:3000/' failed: Error in connection establishment: net::ERR_CONNECTION_REFUSED @ http://localhost:3000/@vite/client:1034
[  900101ms] [ERROR] Failed to load resource: net::ERR_CONNECTION_REFUSED @ http://localhost:8000/api/v1/overview/doctor:0
[  900101ms] [ERROR] Failed to load resource: net::ERR_CONNECTION_REFUSED @ http://localhost:8000/api/v1/overview/kpi:0
[  902643ms] [ERROR] WebSocket connection to 'ws://localhost:3000/' failed: Error in connection establishment: net::ERR_CONNECTION_REFUSED @ http://localhost:3000/@vite/client:1034
[  904759ms] [ERROR] WebSocket connection to 'ws://localhost:3000/' failed: Error in connection establishment: net::ERR_CONNECTION_REFUSED @ http://localhost:3000/@vite/client:1034
[  910463ms] [ERROR] WebSocket connection to 'ws://localhost:3000/' failed: Error in connection establishment: net::ERR_CONNECTION_REFUSED @ http://localhost:3000/@vite/client:1034
[  914621ms] [ERROR] WebSocket connection to 'ws://localhost:3000/' failed: Error in connection establishment: net::ERR_CONNECTION_REFUSED @ http://localhost:3000/@vite/client:1034
[  918895ms] [ERROR] WebSocket connection to 'ws://localhost:3000/' failed: Error in connection establishment: net::ERR_CONNECTION_REFUSED @ http://localhost:3000/@vite/client:1034
[  924257ms] [ERROR] WebSocket connection to 'ws://localhost:3000/' failed: Error in connection establishment: net::ERR_CONNECTION_REFUSED @ http://localhost:3000/@vite/client:1034
[  927493ms] [ERROR] WebSocket connection to 'ws://localhost:3000/' failed: Error in connection establishment: net::ERR_CONNECTION_REFUSED @ http://localhost:3000/@vite/client:1034
[  930101ms] [ERROR] Failed to load resource: net::ERR_CONNECTION_REFUSED @ http://localhost:8000/api/v1/overview/doctor:0
[  930101ms] [ERROR] Failed to load resource: net::ERR_CONNECTION_REFUSED @ http://localhost:8000/api/v1/overview/kpi:0
[  930536ms] [ERROR] WebSocket connection to 'ws://localhost:3000/' failed: Error in connection establishment: net::ERR_CONNECTION_REFUSED @ http://localhost:3000/@vite/client:1034
[  935455ms] [ERROR] WebSocket connection to 'ws://localhost:3000/' failed: Error in connection establishment: net::ERR_CONNECTION_REFUSED @ http://localhost:3000/@vite/client:1034
[  937969ms] [ERROR] WebSocket connection to 'ws://localhost:3000/' failed: Error in connection establishment: net::ERR_CONNECTION_REFUSED @ http://localhost:3000/@vite/client:1034
[  942552ms] [ERROR] WebSocket connection to 'ws://localhost:3000/' failed: Error in connection establishment: net::ERR_CONNECTION_REFUSED @ http://localhost:3000/@vite/client:1034
[  947928ms] [ERROR] WebSocket connection to 'ws://localhost:3000/' failed: Error in connection establishment: net::ERR_CONNECTION_REFUSED @ http://localhost:3000/@vite/client:1034
[  950964ms] [ERROR] WebSocket connection to 'ws://localhost:3000/' failed: Error in connection establishment: net::ERR_CONNECTION_REFUSED @ http://localhost:3000/@vite/client:1034
[  954022ms] [ERROR] WebSocket connection to 'ws://localhost:3000/' failed: Error in connection establishment: net::ERR_CONNECTION_REFUSED @ http://localhost:3000/@vite/client:1034
[  956556ms] [ERROR] WebSocket connection to 'ws://localhost:3000/' failed: Error in connection establishment: net::ERR_CONNECTION_REFUSED @ http://localhost:3000/@vite/client:1034
[  960101ms] [ERROR] Failed to load resource: net::ERR_CONNECTION_REFUSED @ http://localhost:8000/api/v1/overview/doctor:0
[  960101ms] [ERROR] Failed to load resource: net::ERR_CONNECTION_REFUSED @ http://localhost:8000/api/v1/overview/kpi:0
[  960322ms] [ERROR] WebSocket connection to 'ws://localhost:3000/' failed: Error in connection establishment: net::ERR_CONNECTION_REFUSED @ http://localhost:3000/@vite/client:1034
[  963300ms] [ERROR] WebSocket connection to 'ws://localhost:3000/' failed: Error in connection establishment: net::ERR_CONNECTION_REFUSED @ http://localhost:3000/@vite/client:1034
[  967742ms] [ERROR] WebSocket connection to 'ws://localhost:3000/' failed: Error in connection establishment: net::ERR_CONNECTION_REFUSED @ http://localhost:3000/@vite/client:1034
[  970158ms] [ERROR] WebSocket connection to 'ws://localhost:3000/' failed: Error in connection establishment: net::ERR_CONNECTION_REFUSED @ http://localhost:3000/@vite/client:1034
[  973900ms] [ERROR] WebSocket connection to 'ws://localhost:3000/' failed: Error in connection establishment: net::ERR_CONNECTION_REFUSED @ http://localhost:3000/@vite/client:1034
[  977161ms] [ERROR] WebSocket connection to 'ws://localhost:3000/' failed: Error in connection establishment: net::ERR_CONNECTION_REFUSED @ http://localhost:3000/@vite/client:1034
[  981036ms] [ERROR] WebSocket connection to 'ws://localhost:3000/' failed: Error in connection establishment: net::ERR_CONNECTION_REFUSED @ http://localhost:3000/@vite/client:1034
[  985572ms] [ERROR] WebSocket connection to 'ws://localhost:3000/' failed: Error in connection establishment: net::ERR_CONNECTION_REFUSED @ http://localhost:3000/@vite/client:1034
[  990101ms] [ERROR] Failed to load resource: net::ERR_CONNECTION_REFUSED @ http://localhost:8000/api/v1/overview/doctor:0
[  990101ms] [ERROR] Failed to load resource: net::ERR_CONNECTION_REFUSED @ http://localhost:8000/api/v1/overview/kpi:0
[  990482ms] [ERROR] WebSocket connection to 'ws://localhost:3000/' failed: Error in connection establishment: net::ERR_CONNECTION_REFUSED @ http://localhost:3000/@vite/client:1034
[  995791ms] [ERROR] WebSocket connection to 'ws://localhost:3000/' failed: Error in connection establishment: net::ERR_CONNECTION_REFUSED @ http://localhost:3000/@vite/client:1034
[ 1000985ms] [ERROR] WebSocket connection to 'ws://localhost:3000/' failed: Error in connection establishment: net::ERR_CONNECTION_REFUSED @ http://localhost:3000/@vite/client:1034
[ 1004164ms] [ERROR] WebSocket connection to 'ws://localhost:3000/' failed: Error in connection establishment: net::ERR_CONNECTION_REFUSED @ http://localhost:3000/@vite/client:1034
[ 1008796ms] [ERROR] WebSocket connection to 'ws://localhost:3000/' failed: Error in connection establishment: net::ERR_CONNECTION_REFUSED @ http://localhost:3000/@vite/client:1034
[ 1012301ms] [ERROR] WebSocket connection to 'ws://localhost:3000/' failed: Error in connection establishment: net::ERR_CONNECTION_REFUSED @ http://localhost:3000/@vite/client:1034
[ 1016915ms] [ERROR] WebSocket connection to 'ws://localhost:3000/' failed: Error in connection establishment: net::ERR_CONNECTION_REFUSED @ http://localhost:3000/@vite/client:1034
[ 1019204ms] [ERROR] WebSocket connection to 'ws://localhost:3000/' failed: Error in connection establishment: net::ERR_CONNECTION_REFUSED @ http://localhost:3000/@vite/client:1034
[ 1020101ms] [ERROR] Failed to load resource: net::ERR_CONNECTION_REFUSED @ http://localhost:8000/api/v1/overview/doctor:0
[ 1020101ms] [ERROR] Failed to load resource: net::ERR_CONNECTION_REFUSED @ http://localhost:8000/api/v1/overview/kpi:0
[ 1024214ms] [ERROR] WebSocket connection to 'ws://localhost:3000/' failed: Error in connection establishment: net::ERR_CONNECTION_REFUSED @ http://localhost:3000/@vite/client:1034
[ 1030055ms] [ERROR] WebSocket connection to 'ws://localhost:3000/' failed: Error in connection establishment: net::ERR_CONNECTION_REFUSED @ http://localhost:3000/@vite/client:1034
[ 1034828ms] [ERROR] WebSocket connection to 'ws://localhost:3000/' failed: Error in connection establishment: net::ERR_CONNECTION_REFUSED @ http://localhost:3000/@vite/client:1034
[ 1037120ms] [ERROR] WebSocket connection to 'ws://localhost:3000/' failed: Error in connection establishment: net::ERR_CONNECTION_REFUSED @ http://localhost:3000/@vite/client:1034
[ 1041469ms] [ERROR] WebSocket connection to 'ws://localhost:3000/' failed: Error in connection establishment: net::ERR_CONNECTION_REFUSED @ http://localhost:3000/@vite/client:1034
[ 1045464ms] [ERROR] WebSocket connection to 'ws://localhost:3000/' failed: Error in connection establishment: net::ERR_CONNECTION_REFUSED @ http://localhost:3000/@vite/client:1034
[ 1049525ms] [ERROR] WebSocket connection to 'ws://localhost:3000/' failed: Error in connection establishment: net::ERR_CONNECTION_REFUSED @ http://localhost:3000/@vite/client:1034
[ 1050101ms] [ERROR] Failed to load resource: net::ERR_CONNECTION_REFUSED @ http://localhost:8000/api/v1/overview/doctor:0
[ 1050101ms] [ERROR] Failed to load resource: net::ERR_CONNECTION_REFUSED @ http://localhost:8000/api/v1/overview/kpi:0
[ 1054270ms] [ERROR] WebSocket connection to 'ws://localhost:3000/' failed: Error in connection establishment: net::ERR_CONNECTION_REFUSED @ http://localhost:3000/@vite/client:1034
[ 1058069ms] [ERROR] WebSocket connection to 'ws://localhost:3000/' failed: Error in connection establishment: net::ERR_CONNECTION_REFUSED @ http://localhost:3000/@vite/client:1034
[ 1063633ms] [ERROR] WebSocket connection to 'ws://localhost:3000/' failed: Error in connection establishment: net::ERR_CONNECTION_REFUSED @ http://localhost:3000/@vite/client:1034
[ 1068309ms] [ERROR] WebSocket connection to 'ws://localhost:3000/' failed: Error in connection establishment: net::ERR_CONNECTION_REFUSED @ http://localhost:3000/@vite/client:1034
[ 1073598ms] [ERROR] WebSocket connection to 'ws://localhost:3000/' failed: Error in connection establishment: net::ERR_CONNECTION_REFUSED @ http://localhost:3000/@vite/client:1034
[ 1075651ms] [ERROR] WebSocket connection to 'ws://localhost:3000/' failed: Error in connection establishment: net::ERR_CONNECTION_REFUSED @ http://localhost:3000/@vite/client:1034
[ 1080100ms] [ERROR] Failed to load resource: net::ERR_CONNECTION_REFUSED @ http://localhost:8000/api/v1/overview/doctor:0
[ 1080101ms] [ERROR] Failed to load resource: net::ERR_CONNECTION_REFUSED @ http://localhost:8000/api/v1/overview/kpi:0
[ 1080526ms] [ERROR] WebSocket connection to 'ws://localhost:3000/' failed: Error in connection establishment: net::ERR_CONNECTION_REFUSED @ http://localhost:3000/@vite/client:1034
[ 1082608ms] [ERROR] WebSocket connection to 'ws://localhost:3000/' failed: Error in connection establishment: net::ERR_CONNECTION_REFUSED @ http://localhost:3000/@vite/client:1034
[ 1086533ms] [ERROR] WebSocket connection to 'ws://localhost:3000/' failed: Error in connection establishment: net::ERR_CONNECTION_REFUSED @ http://localhost:3000/@vite/client:1034
[ 1089832ms] [ERROR] WebSocket connection to 'ws://localhost:3000/' failed: Error in connection establishment: net::ERR_CONNECTION_REFUSED @ http://localhost:3000/@vite/client:1034
[ 1095410ms] [ERROR] WebSocket connection to 'ws://localhost:3000/' failed: Error in connection establishment: net::ERR_CONNECTION_REFUSED @ http://localhost:3000/@vite/client:1034
[ 1099889ms] [ERROR] WebSocket connection to 'ws://localhost:3000/' failed: Error in connection establishment: net::ERR_CONNECTION_REFUSED @ http://localhost:3000/@vite/client:1034
[ 1103927ms] [ERROR] WebSocket connection to 'ws://localhost:3000/' failed: Error in connection establishment: net::ERR_CONNECTION_REFUSED @ http://localhost:3000/@vite/client:1034
[ 1107034ms] [ERROR] WebSocket connection to 'ws://localhost:3000/' failed: Error in connection establishment: net::ERR_CONNECTION_REFUSED @ http://localhost:3000/@vite/client:1034
[ 1110101ms] [ERROR] Failed to load resource: net::ERR_CONNECTION_REFUSED @ http://localhost:8000/api/v1/overview/doctor:0
[ 1110101ms] [ERROR] Failed to load resource: net::ERR_CONNECTION_REFUSED @ http://localhost:8000/api/v1/overview/kpi:0
[ 1110902ms] [ERROR] WebSocket connection to 'ws://localhost:3000/' failed: Error in connection establishment: net::ERR_CONNECTION_REFUSED @ http://localhost:3000/@vite/client:1034
[ 1113234ms] [ERROR] WebSocket connection to 'ws://localhost:3000/' failed: Error in connection establishment: net::ERR_CONNECTION_REFUSED @ http://localhost:3000/@vite/client:1034
[ 1116803ms] [ERROR] WebSocket connection to 'ws://localhost:3000/' failed: Error in connection establishment: net::ERR_CONNECTION_REFUSED @ http://localhost:3000/@vite/client:1034
[ 1120765ms] [ERROR] WebSocket connection to 'ws://localhost:3000/' failed: Error in connection establishment: net::ERR_CONNECTION_REFUSED @ http://localhost:3000/@vite/client:1034
[ 1123195ms] [ERROR] WebSocket connection to 'ws://localhost:3000/' failed: Error in connection establishment: net::ERR_CONNECTION_REFUSED @ http://localhost:3000/@vite/client:1034
[ 1125929ms] [ERROR] WebSocket connection to 'ws://localhost:3000/' failed: Error in connection establishment: net::ERR_CONNECTION_REFUSED @ http://localhost:3000/@vite/client:1034
[ 1130205ms] [ERROR] WebSocket connection to 'ws://localhost:3000/' failed: Error in connection establishment: net::ERR_CONNECTION_REFUSED @ http://localhost:3000/@vite/client:1034
[ 1131206ms] [ERROR] WebSocket connection to 'ws://localhost:3000/' failed: Error in connection establishment: net::ERR_CONNECTION_REFUSED @ http://localhost:3000/@vite/client:1034
[ 1132208ms] [ERROR] WebSocket connection to 'ws://localhost:3000/' failed: Error in connection establishment: net::ERR_CONNECTION_REFUSED @ http://localhost:3000/@vite/client:1034
[ 1133209ms] [ERROR] WebSocket connection to 'ws://localhost:3000/' failed: Error in connection establishment: net::ERR_CONNECTION_REFUSED @ http://localhost:3000/@vite/client:1034
[ 1134210ms] [ERROR] WebSocket connection to 'ws://localhost:3000/' failed: Error in connection establishment: net::ERR_CONNECTION_REFUSED @ http://localhost:3000/@vite/client:1034
[ 1135214ms] [ERROR] WebSocket connection to 'ws://localhost:3000/' failed: Error in connection establishment: net::ERR_CONNECTION_REFUSED @ http://localhost:3000/@vite/client:1034
[ 1136219ms] [ERROR] WebSocket connection to 'ws://localhost:3000/' failed: Error in connection establishment: net::ERR_CONNECTION_REFUSED @ http://localhost:3000/@vite/client:1034
[ 1137228ms] [ERROR] WebSocket connection to 'ws://localhost:3000/' failed: Error in connection establishment: net::ERR_CONNECTION_REFUSED @ http://localhost:3000/@vite/client:1034
[ 1138237ms] [ERROR] WebSocket connection to 'ws://localhost:3000/' failed: Error in connection establishment: net::ERR_CONNECTION_REFUSED @ http://localhost:3000/@vite/client:1034
[ 1139256ms] [ERROR] WebSocket connection to 'ws://localhost:3000/' failed: Error in connection establishment: net::ERR_CONNECTION_REFUSED @ http://localhost:3000/@vite/client:1034
[ 1140101ms] [ERROR] Failed to load resource: net::ERR_CONNECTION_REFUSED @ http://localhost:8000/api/v1/overview/doctor:0
[ 1140101ms] [ERROR] Failed to load resource: net::ERR_CONNECTION_REFUSED @ http://localhost:8000/api/v1/overview/kpi:0
[ 1140275ms] [ERROR] WebSocket connection to 'ws://localhost:3000/' failed: Error in connection establishment: net::ERR_CONNECTION_REFUSED @ http://localhost:3000/@vite/client:1034
[ 1141402ms] [ERROR] WebSocket connection to 'ws://localhost:3000/' failed: Error in connection establishment: net::ERR_CONNECTION_REFUSED @ http://localhost:3000/@vite/client:1034
[ 1142551ms] [ERROR] WebSocket connection to 'ws://localhost:3000/' failed: Error in connection establishment: net::ERR_CONNECTION_REFUSED @ http://localhost:3000/@vite/client:1034
[ 1143966ms] [ERROR] WebSocket connection to 'ws://localhost:3000/' failed: Error in connection establishment: net::ERR_CONNECTION_REFUSED @ http://localhost:3000/@vite/client:1034
[ 1146166ms] [ERROR] WebSocket connection to 'ws://localhost:3000/' failed: Error in connection establishment: net::ERR_CONNECTION_REFUSED @ http://localhost:3000/@vite/client:1034
[ 1149128ms] [ERROR] WebSocket connection to 'ws://localhost:3000/' failed: Error in connection establishment: net::ERR_CONNECTION_REFUSED @ http://localhost:3000/@vite/client:1034
[ 1154405ms] [ERROR] WebSocket connection to 'ws://localhost:3000/' failed: Error in connection establishment: net::ERR_CONNECTION_REFUSED @ http://localhost:3000/@vite/client:1034
[ 1159963ms] [ERROR] WebSocket connection to 'ws://localhost:3000/' failed: Error in connection establishment: net::ERR_CONNECTION_REFUSED @ http://localhost:3000/@vite/client:1034
[ 1165777ms] [ERROR] WebSocket connection to 'ws://localhost:3000/' failed: Error in connection establishment: net::ERR_CONNECTION_REFUSED @ http://localhost:3000/@vite/client:1034
[ 1170101ms] [ERROR] Failed to load resource: net::ERR_CONNECTION_REFUSED @ http://localhost:8000/api/v1/overview/doctor:0
[ 1170101ms] [ERROR] Failed to load resource: net::ERR_CONNECTION_REFUSED @ http://localhost:8000/api/v1/overview/kpi:0
[ 1171037ms] [ERROR] WebSocket connection to 'ws://localhost:3000/' failed: Error in connection establishment: net::ERR_CONNECTION_REFUSED @ http://localhost:3000/@vite/client:1034
[ 1176961ms] [ERROR] WebSocket connection to 'ws://localhost:3000/' failed: Error in connection establishment: net::ERR_CONNECTION_REFUSED @ http://localhost:3000/@vite/client:1034
[ 1181639ms] [ERROR] WebSocket connection to 'ws://localhost:3000/' failed: Error in connection establishment: net::ERR_CONNECTION_REFUSED @ http://localhost:3000/@vite/client:1034
[ 1184157ms] [ERROR] WebSocket connection to 'ws://localhost:3000/' failed: Error in connection establishment: net::ERR_CONNECTION_REFUSED @ http://localhost:3000/@vite/client:1034
[ 1187593ms] [ERROR] WebSocket connection to 'ws://localhost:3000/' failed: Error in connection establishment: net::ERR_CONNECTION_REFUSED @ http://localhost:3000/@vite/client:1034
[ 1192658ms] [ERROR] WebSocket connection to 'ws://localhost:3000/' failed: Error in connection establishment: net::ERR_CONNECTION_REFUSED @ http://localhost:3000/@vite/client:1034
[ 1194834ms] [ERROR] WebSocket connection to 'ws://localhost:3000/' failed: Error in connection establishment: net::ERR_CONNECTION_REFUSED @ http://localhost:3000/@vite/client:1034
[ 1198116ms] [ERROR] WebSocket connection to 'ws://localhost:3000/' failed: Error in connection establishment: net::ERR_CONNECTION_REFUSED @ http://localhost:3000/@vite/client:1034
[ 1200101ms] [ERROR] Failed to load resource: net::ERR_CONNECTION_REFUSED @ http://localhost:8000/api/v1/overview/doctor:0
[ 1200101ms] [ERROR] Failed to load resource: net::ERR_CONNECTION_REFUSED @ http://localhost:8000/api/v1/overview/kpi:0
[ 1201658ms] [ERROR] WebSocket connection to 'ws://localhost:3000/' failed: Error in connection establishment: net::ERR_CONNECTION_REFUSED @ http://localhost:3000/@vite/client:1034
[ 1206325ms] [ERROR] WebSocket connection to 'ws://localhost:3000/' failed: Error in connection establishment: net::ERR_CONNECTION_REFUSED @ http://localhost:3000/@vite/client:1034
[ 1210448ms] [ERROR] WebSocket connection to 'ws://localhost:3000/' failed: Error in connection establishment: net::ERR_CONNECTION_REFUSED @ http://localhost:3000/@vite/client:1034
[ 1215815ms] [ERROR] WebSocket connection to 'ws://localhost:3000/' failed: Error in connection establishment: net::ERR_CONNECTION_REFUSED @ http://localhost:3000/@vite/client:1034
[ 1220625ms] [ERROR] WebSocket connection to 'ws://localhost:3000/' failed: Error in connection establishment: net::ERR_CONNECTION_REFUSED @ http://localhost:3000/@vite/client:1034
[ 1223725ms] [ERROR] WebSocket connection to 'ws://localhost:3000/' failed: Error in connection establishment: net::ERR_CONNECTION_REFUSED @ http://localhost:3000/@vite/client:1034
[ 1226164ms] [ERROR] WebSocket connection to 'ws://localhost:3000/' failed: Error in connection establishment: net::ERR_CONNECTION_REFUSED @ http://localhost:3000/@vite/client:1034
[ 1230101ms] [ERROR] Failed to load resource: net::ERR_CONNECTION_REFUSED @ http://localhost:8000/api/v1/overview/doctor:0
[ 1230101ms] [ERROR] Failed to load resource: net::ERR_CONNECTION_REFUSED @ http://localhost:8000/api/v1/overview/kpi:0
[ 1230774ms] [ERROR] WebSocket connection to 'ws://localhost:3000/' failed: Error in connection establishment: net::ERR_CONNECTION_REFUSED @ http://localhost:3000/@vite/client:1034
[ 1233085ms] [ERROR] WebSocket connection to 'ws://localhost:3000/' failed: Error in connection establishment: net::ERR_CONNECTION_REFUSED @ http://localhost:3000/@vite/client:1034
[ 1235389ms] [ERROR] WebSocket connection to 'ws://localhost:3000/' failed: Error in connection establishment: net::ERR_CONNECTION_REFUSED @ http://localhost:3000/@vite/client:1034
[ 1239153ms] [ERROR] WebSocket connection to 'ws://localhost:3000/' failed: Error in connection establishment: net::ERR_CONNECTION_REFUSED @ http://localhost:3000/@vite/client:1034
[ 1243191ms] [ERROR] WebSocket connection to 'ws://localhost:3000/' failed: Error in connection establishment: net::ERR_CONNECTION_REFUSED @ http://localhost:3000/@vite/client:1034
[ 1248636ms] [ERROR] WebSocket connection to 'ws://localhost:3000/' failed: Error in connection establishment: net::ERR_CONNECTION_REFUSED @ http://localhost:3000/@vite/client:1034
[ 1253681ms] [ERROR] WebSocket connection to 'ws://localhost:3000/' failed: Error in connection establishment: net::ERR_CONNECTION_REFUSED @ http://localhost:3000/@vite/client:1034
[ 1258621ms] [ERROR] WebSocket connection to 'ws://localhost:3000/' failed: Error in connection establishment: net::ERR_CONNECTION_REFUSED @ http://localhost:3000/@vite/client:1034
[ 1260100ms] [ERROR] Failed to load resource: net::ERR_CONNECTION_REFUSED @ http://localhost:8000/api/v1/overview/doctor:0
[ 1260101ms] [ERROR] Failed to load resource: net::ERR_CONNECTION_REFUSED @ http://localhost:8000/api/v1/overview/kpi:0
[ 1261593ms] [ERROR] WebSocket connection to 'ws://localhost:3000/' failed: Error in connection establishment: net::ERR_CONNECTION_REFUSED @ http://localhost:3000/@vite/client:1034
[ 1263738ms] [ERROR] WebSocket connection to 'ws://localhost:3000/' failed: Error in connection establishment: net::ERR_CONNECTION_REFUSED @ http://localhost:3000/@vite/client:1034
[ 1267839ms] [ERROR] WebSocket connection to 'ws://localhost:3000/' failed: Error in connection establishment: net::ERR_CONNECTION_REFUSED @ http://localhost:3000/@vite/client:1034
[ 1271469ms] [ERROR] WebSocket connection to 'ws://localhost:3000/' failed: Error in connection establishment: net::ERR_CONNECTION_REFUSED @ http://localhost:3000/@vite/client:1034
[ 1276576ms] [ERROR] WebSocket connection to 'ws://localhost:3000/' failed: Error in connection establishment: net::ERR_CONNECTION_REFUSED @ http://localhost:3000/@vite/client:1034
[ 1278652ms] [ERROR] WebSocket connection to 'ws://localhost:3000/' failed: Error in connection establishment: net::ERR_CONNECTION_REFUSED @ http://localhost:3000/@vite/client:1034
[ 1280778ms] [ERROR] WebSocket connection to 'ws://localhost:3000/' failed: Error in connection establishment: net::ERR_CONNECTION_REFUSED @ http://localhost:3000/@vite/client:1034
[ 1284955ms] [ERROR] WebSocket connection to 'ws://localhost:3000/' failed: Error in connection establishment: net::ERR_CONNECTION_REFUSED @ http://localhost:3000/@vite/client:1034
[ 1287812ms] [ERROR] WebSocket connection to 'ws://localhost:3000/' failed: Error in connection establishment: net::ERR_CONNECTION_REFUSED @ http://localhost:3000/@vite/client:1034
[ 1290101ms] [ERROR] Failed to load resource: net::ERR_CONNECTION_REFUSED @ http://localhost:8000/api/v1/overview/doctor:0
[ 1290101ms] [ERROR] Failed to load resource: net::ERR_CONNECTION_REFUSED @ http://localhost:8000/api/v1/overview/kpi:0
[ 1290411ms] [ERROR] WebSocket connection to 'ws://localhost:3000/' failed: Error in connection establishment: net::ERR_CONNECTION_REFUSED @ http://localhost:3000/@vite/client:1034
[ 1296154ms] [ERROR] WebSocket connection to 'ws://localhost:3000/' failed: Error in connection establishment: net::ERR_CONNECTION_REFUSED @ http://localhost:3000/@vite/client:1034
[ 1302040ms] [ERROR] WebSocket connection to 'ws://localhost:3000/' failed: Error in connection establishment: net::ERR_CONNECTION_REFUSED @ http://localhost:3000/@vite/client:1034
[ 1306951ms] [ERROR] WebSocket connection to 'ws://localhost:3000/' failed: Error in connection establishment: net::ERR_CONNECTION_REFUSED @ http://localhost:3000/@vite/client:1034
[ 1312329ms] [ERROR] WebSocket connection to 'ws://localhost:3000/' failed: Error in connection establishment: net::ERR_CONNECTION_REFUSED @ http://localhost:3000/@vite/client:1034
[ 1315718ms] [ERROR] WebSocket connection to 'ws://localhost:3000/' failed: Error in connection establishment: net::ERR_CONNECTION_REFUSED @ http://localhost:3000/@vite/client:1034
[ 1318023ms] [ERROR] WebSocket connection to 'ws://localhost:3000/' failed: Error in connection establishment: net::ERR_CONNECTION_REFUSED @ http://localhost:3000/@vite/client:1034
[ 1320100ms] [ERROR] Failed to load resource: net::ERR_CONNECTION_REFUSED @ http://localhost:8000/api/v1/overview/doctor:0
[ 1320100ms] [ERROR] Failed to load resource: net::ERR_CONNECTION_REFUSED @ http://localhost:8000/api/v1/overview/kpi:0
[ 1321928ms] [ERROR] WebSocket connection to 'ws://localhost:3000/' failed: Error in connection establishment: net::ERR_CONNECTION_REFUSED @ http://localhost:3000/@vite/client:1034
[ 1326635ms] [ERROR] WebSocket connection to 'ws://localhost:3000/' failed: Error in connection establishment: net::ERR_CONNECTION_REFUSED @ http://localhost:3000/@vite/client:1034
[ 1332293ms] [ERROR] WebSocket connection to 'ws://localhost:3000/' failed: Error in connection establishment: net::ERR_CONNECTION_REFUSED @ http://localhost:3000/@vite/client:1034
[ 1334562ms] [ERROR] WebSocket connection to 'ws://localhost:3000/' failed: Error in connection establishment: net::ERR_CONNECTION_REFUSED @ http://localhost:3000/@vite/client:1034
[ 1336813ms] [ERROR] WebSocket connection to 'ws://localhost:3000/' failed: Error in connection establishment: net::ERR_CONNECTION_REFUSED @ http://localhost:3000/@vite/client:1034
[ 1339085ms] [ERROR] WebSocket connection to 'ws://localhost:3000/' failed: Error in connection establishment: net::ERR_CONNECTION_REFUSED @ http://localhost:3000/@vite/client:1034
[ 1344617ms] [ERROR] WebSocket connection to 'ws://localhost:3000/' failed: Error in connection establishment: net::ERR_CONNECTION_REFUSED @ http://localhost:3000/@vite/client:1034
[ 1346945ms] [ERROR] WebSocket connection to 'ws://localhost:3000/' failed: Error in connection establishment: net::ERR_CONNECTION_REFUSED @ http://localhost:3000/@vite/client:1034
[ 1350100ms] [ERROR] Failed to load resource: net::ERR_CONNECTION_REFUSED @ http://localhost:8000/api/v1/overview/doctor:0
[ 1350101ms] [ERROR] Failed to load resource: net::ERR_CONNECTION_REFUSED @ http://localhost:8000/api/v1/overview/kpi:0
[ 1351727ms] [ERROR] WebSocket connection to 'ws://localhost:3000/' failed: Error in connection establishment: net::ERR_CONNECTION_REFUSED @ http://localhost:3000/@vite/client:1034
[ 1355138ms] [ERROR] WebSocket connection to 'ws://localhost:3000/' failed: Error in connection establishment: net::ERR_CONNECTION_REFUSED @ http://localhost:3000/@vite/client:1034
[ 1360399ms] [ERROR] WebSocket connection to 'ws://localhost:3000/' failed: Error in connection establishment: net::ERR_CONNECTION_REFUSED @ http://localhost:3000/@vite/client:1034
[ 1363139ms] [ERROR] WebSocket connection to 'ws://localhost:3000/' failed: Error in connection establishment: net::ERR_CONNECTION_REFUSED @ http://localhost:3000/@vite/client:1034
[ 1367375ms] [ERROR] WebSocket connection to 'ws://localhost:3000/' failed: Error in connection establishment: net::ERR_CONNECTION_REFUSED @ http://localhost:3000/@vite/client:1034
[ 1372263ms] [ERROR] WebSocket connection to 'ws://localhost:3000/' failed: Error in connection establishment: net::ERR_CONNECTION_REFUSED @ http://localhost:3000/@vite/client:1034
[ 1374429ms] [ERROR] WebSocket connection to 'ws://localhost:3000/' failed: Error in connection establishment: net::ERR_CONNECTION_REFUSED @ http://localhost:3000/@vite/client:1034
[ 1377183ms] [ERROR] WebSocket connection to 'ws://localhost:3000/' failed: Error in connection establishment: net::ERR_CONNECTION_REFUSED @ http://localhost:3000/@vite/client:1034
[ 1380101ms] [ERROR] Failed to load resource: net::ERR_CONNECTION_REFUSED @ http://localhost:8000/api/v1/overview/doctor:0
[ 1380101ms] [ERROR] Failed to load resource: net::ERR_CONNECTION_REFUSED @ http://localhost:8000/api/v1/overview/kpi:0
[ 1381487ms] [ERROR] WebSocket connection to 'ws://localhost:3000/' failed: Error in connection establishment: net::ERR_CONNECTION_REFUSED @ http://localhost:3000/@vite/client:1034
[ 1385748ms] [ERROR] WebSocket connection to 'ws://localhost:3000/' failed: Error in connection establishment: net::ERR_CONNECTION_REFUSED @ http://localhost:3000/@vite/client:1034
[ 1388404ms] [ERROR] WebSocket connection to 'ws://localhost:3000/' failed: Error in connection establishment: net::ERR_CONNECTION_REFUSED @ http://localhost:3000/@vite/client:1034
[ 1393654ms] [ERROR] WebSocket connection to 'ws://localhost:3000/' failed: Error in connection establishment: net::ERR_CONNECTION_REFUSED @ http://localhost:3000/@vite/client:1034
[ 1398250ms] [ERROR] WebSocket connection to 'ws://localhost:3000/' failed: Error in connection establishment: net::ERR_CONNECTION_REFUSED @ http://localhost:3000/@vite/client:1034
[ 1401853ms] [ERROR] WebSocket connection to 'ws://localhost:3000/' failed: Error in connection establishment: net::ERR_CONNECTION_REFUSED @ http://localhost:3000/@vite/client:1034
[ 1404000ms] [ERROR] WebSocket connection to 'ws://localhost:3000/' failed: Error in connection establishment: net::ERR_CONNECTION_REFUSED @ http://localhost:3000/@vite/client:1034
[ 1407716ms] [ERROR] WebSocket connection to 'ws://localhost:3000/' failed: Error in connection establishment: net::ERR_CONNECTION_REFUSED @ http://localhost:3000/@vite/client:1034
[ 1410101ms] [ERROR] Failed to load resource: net::ERR_CONNECTION_REFUSED @ http://localhost:8000/api/v1/overview/doctor:0
[ 1410101ms] [ERROR] Failed to load resource: net::ERR_CONNECTION_REFUSED @ http://localhost:8000/api/v1/overview/kpi:0
[ 1411553ms] [ERROR] WebSocket connection to 'ws://localhost:3000/' failed: Error in connection establishment: net::ERR_CONNECTION_REFUSED @ http://localhost:3000/@vite/client:1034
[ 1417212ms] [ERROR] WebSocket connection to 'ws://localhost:3000/' failed: Error in connection establishment: net::ERR_CONNECTION_REFUSED @ http://localhost:3000/@vite/client:1034
[ 1420290ms] [ERROR] WebSocket connection to 'ws://localhost:3000/' failed: Error in connection establishment: net::ERR_CONNECTION_REFUSED @ http://localhost:3000/@vite/client:1034
[ 1425700ms] [ERROR] WebSocket connection to 'ws://localhost:3000/' failed: Error in connection establishment: net::ERR_CONNECTION_REFUSED @ http://localhost:3000/@vite/client:1034
[ 1430539ms] [ERROR] WebSocket connection to 'ws://localhost:3000/' failed: Error in connection establishment: net::ERR_CONNECTION_REFUSED @ http://localhost:3000/@vite/client:1034
[ 1436249ms] [ERROR] WebSocket connection to 'ws://localhost:3000/' failed: Error in connection establishment: net::ERR_CONNECTION_REFUSED @ http://localhost:3000/@vite/client:1034
[ 1438976ms] [ERROR] WebSocket connection to 'ws://localhost:3000/' failed: Error in connection establishment: net::ERR_CONNECTION_REFUSED @ http://localhost:3000/@vite/client:1034
[ 1440101ms] [ERROR] Failed to load resource: net::ERR_CONNECTION_REFUSED @ http://localhost:8000/api/v1/overview/doctor:0
[ 1440101ms] [ERROR] Failed to load resource: net::ERR_CONNECTION_REFUSED @ http://localhost:8000/api/v1/overview/kpi:0
[ 1444767ms] [ERROR] WebSocket connection to 'ws://localhost:3000/' failed: Error in connection establishment: net::ERR_CONNECTION_REFUSED @ http://localhost:3000/@vite/client:1034
[ 1450481ms] [ERROR] WebSocket connection to 'ws://localhost:3000/' failed: Error in connection establishment: net::ERR_CONNECTION_REFUSED @ http://localhost:3000/@vite/client:1034
[ 1456458ms] [ERROR] WebSocket connection to 'ws://localhost:3000/' failed: Error in connection establishment: net::ERR_CONNECTION_REFUSED @ http://localhost:3000/@vite/client:1034
[ 1461904ms] [ERROR] WebSocket connection to 'ws://localhost:3000/' failed: Error in connection establishment: net::ERR_CONNECTION_REFUSED @ http://localhost:3000/@vite/client:1034
[ 1464037ms] [ERROR] WebSocket connection to 'ws://localhost:3000/' failed: Error in connection establishment: net::ERR_CONNECTION_REFUSED @ http://localhost:3000/@vite/client:1034
[ 1469216ms] [ERROR] WebSocket connection to 'ws://localhost:3000/' failed: Error in connection establishment: net::ERR_CONNECTION_REFUSED @ http://localhost:3000/@vite/client:1034
[ 1470101ms] [ERROR] Failed to load resource: net::ERR_CONNECTION_REFUSED @ http://localhost:8000/api/v1/overview/doctor:0
[ 1470101ms] [ERROR] Failed to load resource: net::ERR_CONNECTION_REFUSED @ http://localhost:8000/api/v1/overview/kpi:0
[ 1473500ms] [ERROR] WebSocket connection to 'ws://localhost:3000/' failed: Error in connection establishment: net::ERR_CONNECTION_REFUSED @ http://localhost:3000/@vite/client:1034
[ 1475548ms] [ERROR] WebSocket connection to 'ws://localhost:3000/' failed: Error in connection establishment: net::ERR_CONNECTION_REFUSED @ http://localhost:3000/@vite/client:1034
[ 1478942ms] [ERROR] WebSocket connection to 'ws://localhost:3000/' failed: Error in connection establishment: net::ERR_CONNECTION_REFUSED @ http://localhost:3000/@vite/client:1034
[ 1484537ms] [ERROR] WebSocket connection to 'ws://localhost:3000/' failed: Error in connection establishment: net::ERR_CONNECTION_REFUSED @ http://localhost:3000/@vite/client:1034
[ 1488857ms] [ERROR] WebSocket connection to 'ws://localhost:3000/' failed: Error in connection establishment: net::ERR_CONNECTION_REFUSED @ http://localhost:3000/@vite/client:1034
[ 1491037ms] [ERROR] WebSocket connection to 'ws://localhost:3000/' failed: Error in connection establishment: net::ERR_CONNECTION_REFUSED @ http://localhost:3000/@vite/client:1034
[ 1492039ms] [ERROR] WebSocket connection to 'ws://localhost:3000/' failed: Error in connection establishment: net::ERR_CONNECTION_REFUSED @ http://localhost:3000/@vite/client:1034
[ 1493040ms] [ERROR] WebSocket connection to 'ws://localhost:3000/' failed: Error in connection establishment: net::ERR_CONNECTION_REFUSED @ http://localhost:3000/@vite/client:1034
[ 1494042ms] [ERROR] WebSocket connection to 'ws://localhost:3000/' failed: Error in connection establishment: net::ERR_CONNECTION_REFUSED @ http://localhost:3000/@vite/client:1034
[ 1495043ms] [ERROR] WebSocket connection to 'ws://localhost:3000/' failed: Error in connection establishment: net::ERR_CONNECTION_REFUSED @ http://localhost:3000/@vite/client:1034
[ 1496045ms] [ERROR] WebSocket connection to 'ws://localhost:3000/' failed: Error in connection establishment: net::ERR_CONNECTION_REFUSED @ http://localhost:3000/@vite/client:1034
[ 1497048ms] [ERROR] WebSocket connection to 'ws://localhost:3000/' failed: Error in connection establishment: net::ERR_CONNECTION_REFUSED @ http://localhost:3000/@vite/client:1034
[ 1498057ms] [ERROR] WebSocket connection to 'ws://localhost:3000/' failed: Error in connection establishment: net::ERR_CONNECTION_REFUSED @ http://localhost:3000/@vite/client:1034
[ 1499072ms] [ERROR] WebSocket connection to 'ws://localhost:3000/' failed: Error in connection establishment: net::ERR_CONNECTION_REFUSED @ http://localhost:3000/@vite/client:1034
[ 1500101ms] [ERROR] Failed to load resource: net::ERR_CONNECTION_REFUSED @ http://localhost:8000/api/v1/overview/doctor:0
[ 1500101ms] [ERROR] Failed to load resource: net::ERR_CONNECTION_REFUSED @ http://localhost:8000/api/v1/overview/kpi:0
[ 1500111ms] [ERROR] WebSocket connection to 'ws://localhost:3000/' failed: Error in connection establishment: net::ERR_CONNECTION_REFUSED @ http://localhost:3000/@vite/client:1034
[ 1501168ms] [ERROR] WebSocket connection to 'ws://localhost:3000/' failed: Error in connection establishment: net::ERR_CONNECTION_REFUSED @ http://localhost:3000/@vite/client:1034
[ 1502264ms] [ERROR] WebSocket connection to 'ws://localhost:3000/' failed: Error in connection establishment: net::ERR_CONNECTION_REFUSED @ http://localhost:3000/@vite/client:1034
[ 1503471ms] [ERROR] WebSocket connection to 'ws://localhost:3000/' failed: Error in connection establishment: net::ERR_CONNECTION_REFUSED @ http://localhost:3000/@vite/client:1034
[ 1504635ms] [ERROR] WebSocket connection to 'ws://localhost:3000/' failed: Error in connection establishment: net::ERR_CONNECTION_REFUSED @ http://localhost:3000/@vite/client:1034
[ 1506221ms] [ERROR] WebSocket connection to 'ws://localhost:3000/' failed: Error in connection establishment: net::ERR_CONNECTION_REFUSED @ http://localhost:3000/@vite/client:1034
[ 1509405ms] [ERROR] WebSocket connection to 'ws://localhost:3000/' failed: Error in connection establishment: net::ERR_CONNECTION_REFUSED @ http://localhost:3000/@vite/client:1034
[ 1514796ms] [ERROR] WebSocket connection to 'ws://localhost:3000/' failed: Error in connection establishment: net::ERR_CONNECTION_REFUSED @ http://localhost:3000/@vite/client:1034
[ 1520176ms] [ERROR] WebSocket connection to 'ws://localhost:3000/' failed: Error in connection establishment: net::ERR_CONNECTION_REFUSED @ http://localhost:3000/@vite/client:1034
[ 1525784ms] [ERROR] WebSocket connection to 'ws://localhost:3000/' failed: Error in connection establishment: net::ERR_CONNECTION_REFUSED @ http://localhost:3000/@vite/client:1034
[ 1528764ms] [ERROR] WebSocket connection to 'ws://localhost:3000/' failed: Error in connection establishment: net::ERR_CONNECTION_REFUSED @ http://localhost:3000/@vite/client:1034
[ 1530101ms] [ERROR] Failed to load resource: net::ERR_CONNECTION_REFUSED @ http://localhost:8000/api/v1/overview/doctor:0
[ 1530101ms] [ERROR] Failed to load resource: net::ERR_CONNECTION_REFUSED @ http://localhost:8000/api/v1/overview/kpi:0
[ 1533405ms] [ERROR] WebSocket connection to 'ws://localhost:3000/' failed: Error in connection establishment: net::ERR_CONNECTION_REFUSED @ http://localhost:3000/@vite/client:1034
[ 1536837ms] [ERROR] WebSocket connection to 'ws://localhost:3000/' failed: Error in connection establishment: net::ERR_CONNECTION_REFUSED @ http://localhost:3000/@vite/client:1034
[ 1538870ms] [ERROR] WebSocket connection to 'ws://localhost:3000/' failed: Error in connection establishment: net::ERR_CONNECTION_REFUSED @ http://localhost:3000/@vite/client:1034
[ 1542658ms] [ERROR] WebSocket connection to 'ws://localhost:3000/' failed: Error in connection establishment: net::ERR_CONNECTION_REFUSED @ http://localhost:3000/@vite/client:1034
[ 1546266ms] [ERROR] WebSocket connection to 'ws://localhost:3000/' failed: Error in connection establishment: net::ERR_CONNECTION_REFUSED @ http://localhost:3000/@vite/client:1034
[ 1549347ms] [ERROR] WebSocket connection to 'ws://localhost:3000/' failed: Error in connection establishment: net::ERR_CONNECTION_REFUSED @ http://localhost:3000/@vite/client:1034
[ 1551983ms] [ERROR] WebSocket connection to 'ws://localhost:3000/' failed: Error in connection establishment: net::ERR_CONNECTION_REFUSED @ http://localhost:3000/@vite/client:1034
[ 1555043ms] [ERROR] WebSocket connection to 'ws://localhost:3000/' failed: Error in connection establishment: net::ERR_CONNECTION_REFUSED @ http://localhost:3000/@vite/client:1034
[ 1560101ms] [ERROR] Failed to load resource: net::ERR_CONNECTION_REFUSED @ http://localhost:8000/api/v1/overview/doctor:0
[ 1560101ms] [ERROR] Failed to load resource: net::ERR_CONNECTION_REFUSED @ http://localhost:8000/api/v1/overview/kpi:0
[ 1560568ms] [ERROR] WebSocket connection to 'ws://localhost:3000/' failed: Error in connection establishment: net::ERR_CONNECTION_REFUSED @ http://localhost:3000/@vite/client:1034
[ 1564822ms] [ERROR] WebSocket connection to 'ws://localhost:3000/' failed: Error in connection establishment: net::ERR_CONNECTION_REFUSED @ http://localhost:3000/@vite/client:1034
[ 1567046ms] [ERROR] WebSocket connection to 'ws://localhost:3000/' failed: Error in connection establishment: net::ERR_CONNECTION_REFUSED @ http://localhost:3000/@vite/client:1034
[ 1571856ms] [ERROR] WebSocket connection to 'ws://localhost:3000/' failed: Error in connection establishment: net::ERR_CONNECTION_REFUSED @ http://localhost:3000/@vite/client:1034
[ 1575138ms] [ERROR] WebSocket connection to 'ws://localhost:3000/' failed: Error in connection establishment: net::ERR_CONNECTION_REFUSED @ http://localhost:3000/@vite/client:1034
[ 1577672ms] [ERROR] WebSocket connection to 'ws://localhost:3000/' failed: Error in connection establishment: net::ERR_CONNECTION_REFUSED @ http://localhost:3000/@vite/client:1034
[ 1580615ms] [ERROR] WebSocket connection to 'ws://localhost:3000/' failed: Error in connection establishment: net::ERR_CONNECTION_REFUSED @ http://localhost:3000/@vite/client:1034
[ 1583000ms] [ERROR] WebSocket connection to 'ws://localhost:3000/' failed: Error in connection establishment: net::ERR_CONNECTION_REFUSED @ http://localhost:3000/@vite/client:1034
[ 1588549ms] [ERROR] WebSocket connection to 'ws://localhost:3000/' failed: Error in connection establishment: net::ERR_CONNECTION_REFUSED @ http://localhost:3000/@vite/client:1034
[ 1590101ms] [ERROR] Failed to load resource: net::ERR_CONNECTION_REFUSED @ http://localhost:8000/api/v1/overview/doctor:0
[ 1590101ms] [ERROR] Failed to load resource: net::ERR_CONNECTION_REFUSED @ http://localhost:8000/api/v1/overview/kpi:0
[ 1593648ms] [ERROR] WebSocket connection to 'ws://localhost:3000/' failed: Error in connection establishment: net::ERR_CONNECTION_REFUSED @ http://localhost:3000/@vite/client:1034
[ 1597951ms] [ERROR] WebSocket connection to 'ws://localhost:3000/' failed: Error in connection establishment: net::ERR_CONNECTION_REFUSED @ http://localhost:3000/@vite/client:1034
[ 1602205ms] [ERROR] WebSocket connection to 'ws://localhost:3000/' failed: Error in connection establishment: net::ERR_CONNECTION_REFUSED @ http://localhost:3000/@vite/client:1034
[ 1607890ms] [ERROR] WebSocket connection to 'ws://localhost:3000/' failed: Error in connection establishment: net::ERR_CONNECTION_REFUSED @ http://localhost:3000/@vite/client:1034
[ 1612113ms] [ERROR] WebSocket connection to 'ws://localhost:3000/' failed: Error in connection establishment: net::ERR_CONNECTION_REFUSED @ http://localhost:3000/@vite/client:1034
[ 1614354ms] [ERROR] WebSocket connection to 'ws://localhost:3000/' failed: Error in connection establishment: net::ERR_CONNECTION_REFUSED @ http://localhost:3000/@vite/client:1034
[ 1618405ms] [ERROR] WebSocket connection to 'ws://localhost:3000/' failed: Error in connection establishment: net::ERR_CONNECTION_REFUSED @ http://localhost:3000/@vite/client:1034
[ 1620101ms] [ERROR] Failed to load resource: net::ERR_CONNECTION_REFUSED @ http://localhost:8000/api/v1/overview/doctor:0
[ 1620101ms] [ERROR] Failed to load resource: net::ERR_CONNECTION_REFUSED @ http://localhost:8000/api/v1/overview/kpi:0
[ 1623141ms] [ERROR] WebSocket connection to 'ws://localhost:3000/' failed: Error in connection establishment: net::ERR_CONNECTION_REFUSED @ http://localhost:3000/@vite/client:1034
[ 1626892ms] [ERROR] WebSocket connection to 'ws://localhost:3000/' failed: Error in connection establishment: net::ERR_CONNECTION_REFUSED @ http://localhost:3000/@vite/client:1034
[ 1629952ms] [ERROR] WebSocket connection to 'ws://localhost:3000/' failed: Error in connection establishment: net::ERR_CONNECTION_REFUSED @ http://localhost:3000/@vite/client:1034
[ 1632748ms] [ERROR] WebSocket connection to 'ws://localhost:3000/' failed: Error in connection establishment: net::ERR_CONNECTION_REFUSED @ http://localhost:3000/@vite/client:1034
[ 1635513ms] [ERROR] WebSocket connection to 'ws://localhost:3000/' failed: Error in connection establishment: net::ERR_CONNECTION_REFUSED @ http://localhost:3000/@vite/client:1034
[ 1640603ms] [ERROR] WebSocket connection to 'ws://localhost:3000/' failed: Error in connection establishment: net::ERR_CONNECTION_REFUSED @ http://localhost:3000/@vite/client:1034
[ 1645152ms] [ERROR] WebSocket connection to 'ws://localhost:3000/' failed: Error in connection establishment: net::ERR_CONNECTION_REFUSED @ http://localhost:3000/@vite/client:1034
[ 1647624ms] [ERROR] WebSocket connection to 'ws://localhost:3000/' failed: Error in connection establishment: net::ERR_CONNECTION_REFUSED @ http://localhost:3000/@vite/client:1034
[ 1650101ms] [ERROR] Failed to load resource: net::ERR_CONNECTION_REFUSED @ http://localhost:8000/api/v1/overview/doctor:0
[ 1650101ms] [ERROR] Failed to load resource: net::ERR_CONNECTION_REFUSED @ http://localhost:8000/api/v1/overview/kpi:0
[ 1650502ms] [ERROR] WebSocket connection to 'ws://localhost:3000/' failed: Error in connection establishment: net::ERR_CONNECTION_REFUSED @ http://localhost:3000/@vite/client:1034
[ 1653358ms] [ERROR] WebSocket connection to 'ws://localhost:3000/' failed: Error in connection establishment: net::ERR_CONNECTION_REFUSED @ http://localhost:3000/@vite/client:1034
[ 1658385ms] [ERROR] WebSocket connection to 'ws://localhost:3000/' failed: Error in connection establishment: net::ERR_CONNECTION_REFUSED @ http://localhost:3000/@vite/client:1034
[ 1663325ms] [ERROR] WebSocket connection to 'ws://localhost:3000/' failed: Error in connection establishment: net::ERR_CONNECTION_REFUSED @ http://localhost:3000/@vite/client:1034
[ 1666692ms] [ERROR] WebSocket connection to 'ws://localhost:3000/' failed: Error in connection establishment: net::ERR_CONNECTION_REFUSED @ http://localhost:3000/@vite/client:1034
[ 1669447ms] [ERROR] WebSocket connection to 'ws://localhost:3000/' failed: Error in connection establishment: net::ERR_CONNECTION_REFUSED @ http://localhost:3000/@vite/client:1034
[ 1672724ms] [ERROR] WebSocket connection to 'ws://localhost:3000/' failed: Error in connection establishment: net::ERR_CONNECTION_REFUSED @ http://localhost:3000/@vite/client:1034
[ 1675749ms] [ERROR] WebSocket connection to 'ws://localhost:3000/' failed: Error in connection establishment: net::ERR_CONNECTION_REFUSED @ http://localhost:3000/@vite/client:1034
[ 1678004ms] [ERROR] WebSocket connection to 'ws://localhost:3000/' failed: Error in connection establishment: net::ERR_CONNECTION_REFUSED @ http://localhost:3000/@vite/client:1034
[ 1680101ms] [ERROR] Failed to load resource: net::ERR_CONNECTION_REFUSED @ http://localhost:8000/api/v1/overview/doctor:0
[ 1680101ms] [ERROR] Failed to load resource: net::ERR_CONNECTION_REFUSED @ http://localhost:8000/api/v1/overview/kpi:0
[ 1680573ms] [ERROR] WebSocket connection to 'ws://localhost:3000/' failed: Error in connection establishment: net::ERR_CONNECTION_REFUSED @ http://localhost:3000/@vite/client:1034
[ 1682636ms] [ERROR] WebSocket connection to 'ws://localhost:3000/' failed: Error in connection establishment: net::ERR_CONNECTION_REFUSED @ http://localhost:3000/@vite/client:1034
[ 1686972ms] [ERROR] WebSocket connection to 'ws://localhost:3000/' failed: Error in connection establishment: net::ERR_CONNECTION_REFUSED @ http://localhost:3000/@vite/client:1034
[ 1692901ms] [ERROR] WebSocket connection to 'ws://localhost:3000/' failed: Error in connection establishment: net::ERR_CONNECTION_REFUSED @ http://localhost:3000/@vite/client:1034
[ 1695527ms] [ERROR] WebSocket connection to 'ws://localhost:3000/' failed: Error in connection establishment: net::ERR_CONNECTION_REFUSED @ http://localhost:3000/@vite/client:1034
[ 1700391ms] [ERROR] WebSocket connection to 'ws://localhost:3000/' failed: Error in connection establishment: net::ERR_CONNECTION_REFUSED @ http://localhost:3000/@vite/client:1034
[ 1704258ms] [ERROR] WebSocket connection to 'ws://localhost:3000/' failed: Error in connection establishment: net::ERR_CONNECTION_REFUSED @ http://localhost:3000/@vite/client:1034
[ 1707920ms] [ERROR] WebSocket connection to 'ws://localhost:3000/' failed: Error in connection establishment: net::ERR_CONNECTION_REFUSED @ http://localhost:3000/@vite/client:1034
[ 1710101ms] [ERROR] Failed to load resource: net::ERR_CONNECTION_REFUSED @ http://localhost:8000/api/v1/overview/doctor:0
[ 1710101ms] [ERROR] Failed to load resource: net::ERR_CONNECTION_REFUSED @ http://localhost:8000/api/v1/overview/kpi:0
[ 1712066ms] [ERROR] WebSocket connection to 'ws://localhost:3000/' failed: Error in connection establishment: net::ERR_CONNECTION_REFUSED @ http://localhost:3000/@vite/client:1034
[ 1714363ms] [ERROR] WebSocket connection to 'ws://localhost:3000/' failed: Error in connection establishment: net::ERR_CONNECTION_REFUSED @ http://localhost:3000/@vite/client:1034
[ 1719069ms] [ERROR] WebSocket connection to 'ws://localhost:3000/' failed: Error in connection establishment: net::ERR_CONNECTION_REFUSED @ http://localhost:3000/@vite/client:1034
[ 1724907ms] [ERROR] WebSocket connection to 'ws://localhost:3000/' failed: Error in connection establishment: net::ERR_CONNECTION_REFUSED @ http://localhost:3000/@vite/client:1034
[ 1730850ms] [ERROR] WebSocket connection to 'ws://localhost:3000/' failed: Error in connection establishment: net::ERR_CONNECTION_REFUSED @ http://localhost:3000/@vite/client:1034
[ 1734962ms] [ERROR] WebSocket connection to 'ws://localhost:3000/' failed: Error in connection establishment: net::ERR_CONNECTION_REFUSED @ http://localhost:3000/@vite/client:1034
[ 1740101ms] [ERROR] Failed to load resource: net::ERR_CONNECTION_REFUSED @ http://localhost:8000/api/v1/overview/doctor:0
[ 1740101ms] [ERROR] Failed to load resource: net::ERR_CONNECTION_REFUSED @ http://localhost:8000/api/v1/overview/kpi:0
[ 1740735ms] [ERROR] WebSocket connection to 'ws://localhost:3000/' failed: Error in connection establishment: net::ERR_CONNECTION_REFUSED @ http://localhost:3000/@vite/client:1034
[ 1744733ms] [ERROR] WebSocket connection to 'ws://localhost:3000/' failed: Error in connection establishment: net::ERR_CONNECTION_REFUSED @ http://localhost:3000/@vite/client:1034
[ 1748645ms] [ERROR] WebSocket connection to 'ws://localhost:3000/' failed: Error in connection establishment: net::ERR_CONNECTION_REFUSED @ http://localhost:3000/@vite/client:1034
[ 1751204ms] [ERROR] WebSocket connection to 'ws://localhost:3000/' failed: Error in connection establishment: net::ERR_CONNECTION_REFUSED @ http://localhost:3000/@vite/client:1034
[ 1754197ms] [ERROR] WebSocket connection to 'ws://localhost:3000/' failed: Error in connection establishment: net::ERR_CONNECTION_REFUSED @ http://localhost:3000/@vite/client:1034
[ 1759287ms] [ERROR] WebSocket connection to 'ws://localhost:3000/' failed: Error in connection establishment: net::ERR_CONNECTION_REFUSED @ http://localhost:3000/@vite/client:1034
[ 1761991ms] [ERROR] WebSocket connection to 'ws://localhost:3000/' failed: Error in connection establishment: net::ERR_CONNECTION_REFUSED @ http://localhost:3000/@vite/client:1034
[ 1767701ms] [ERROR] WebSocket connection to 'ws://localhost:3000/' failed: Error in connection establishment: net::ERR_CONNECTION_REFUSED @ http://localhost:3000/@vite/client:1034
[ 1770104ms] [ERROR] Failed to load resource: net::ERR_CONNECTION_REFUSED @ http://localhost:8000/api/v1/overview/doctor:0
[ 1770104ms] [ERROR] Failed to load resource: net::ERR_CONNECTION_REFUSED @ http://localhost:8000/api/v1/overview/kpi:0
[ 1771796ms] [ERROR] WebSocket connection to 'ws://localhost:3000/' failed: Error in connection establishment: net::ERR_CONNECTION_REFUSED @ http://localhost:3000/@vite/client:1034
[ 1776773ms] [ERROR] WebSocket connection to 'ws://localhost:3000/' failed: Error in connection establishment: net::ERR_CONNECTION_REFUSED @ http://localhost:3000/@vite/client:1034
[ 1779940ms] [ERROR] WebSocket connection to 'ws://localhost:3000/' failed: Error in connection establishment: net::ERR_CONNECTION_REFUSED @ http://localhost:3000/@vite/client:1034
[ 1783271ms] [ERROR] WebSocket connection to 'ws://localhost:3000/' failed: Error in connection establishment: net::ERR_CONNECTION_REFUSED @ http://localhost:3000/@vite/client:1034
[ 1788583ms] [ERROR] WebSocket connection to 'ws://localhost:3000/' failed: Error in connection establishment: net::ERR_CONNECTION_REFUSED @ http://localhost:3000/@vite/client:1034
[ 1793892ms] [ERROR] WebSocket connection to 'ws://localhost:3000/' failed: Error in connection establishment: net::ERR_CONNECTION_REFUSED @ http://localhost:3000/@vite/client:1034
[ 1796921ms] [ERROR] WebSocket connection to 'ws://localhost:3000/' failed: Error in connection establishment: net::ERR_CONNECTION_REFUSED @ http://localhost:3000/@vite/client:1034
[ 1800100ms] [ERROR] Failed to load resource: net::ERR_CONNECTION_REFUSED @ http://localhost:8000/api/v1/overview/doctor:0
[ 1800101ms] [ERROR] Failed to load resource: net::ERR_CONNECTION_REFUSED @ http://localhost:8000/api/v1/overview/kpi:0
[ 1801114ms] [ERROR] WebSocket connection to 'ws://localhost:3000/' failed: Error in connection establishment: net::ERR_CONNECTION_REFUSED @ http://localhost:3000/@vite/client:1034
[ 1803747ms] [ERROR] WebSocket connection to 'ws://localhost:3000/' failed: Error in connection establishment: net::ERR_CONNECTION_REFUSED @ http://localhost:3000/@vite/client:1034
[ 1807869ms] [ERROR] WebSocket connection to 'ws://localhost:3000/' failed: Error in connection establishment: net::ERR_CONNECTION_REFUSED @ http://localhost:3000/@vite/client:1034
[ 1811460ms] [ERROR] WebSocket connection to 'ws://localhost:3000/' failed: Error in connection establishment: net::ERR_CONNECTION_REFUSED @ http://localhost:3000/@vite/client:1034
[ 1814527ms] [ERROR] WebSocket connection to 'ws://localhost:3000/' failed: Error in connection establishment: net::ERR_CONNECTION_REFUSED @ http://localhost:3000/@vite/client:1034
[ 1817663ms] [ERROR] WebSocket connection to 'ws://localhost:3000/' failed: Error in connection establishment: net::ERR_CONNECTION_REFUSED @ http://localhost:3000/@vite/client:1034
[ 1823069ms] [ERROR] WebSocket connection to 'ws://localhost:3000/' failed: Error in connection establishment: net::ERR_CONNECTION_REFUSED @ http://localhost:3000/@vite/client:1034
[ 1828675ms] [ERROR] WebSocket connection to 'ws://localhost:3000/' failed: Error in connection establishment: net::ERR_CONNECTION_REFUSED @ http://localhost:3000/@vite/client:1034
[ 1830101ms] [ERROR] Failed to load resource: net::ERR_CONNECTION_REFUSED @ http://localhost:8000/api/v1/overview/doctor:0
[ 1830101ms] [ERROR] Failed to load resource: net::ERR_CONNECTION_REFUSED @ http://localhost:8000/api/v1/overview/kpi:0
[ 1832871ms] [ERROR] WebSocket connection to 'ws://localhost:3000/' failed: Error in connection establishment: net::ERR_CONNECTION_REFUSED @ http://localhost:3000/@vite/client:1034
[ 1837689ms] [ERROR] WebSocket connection to 'ws://localhost:3000/' failed: Error in connection establishment: net::ERR_CONNECTION_REFUSED @ http://localhost:3000/@vite/client:1034
[ 1840927ms] [ERROR] WebSocket connection to 'ws://localhost:3000/' failed: Error in connection establishment: net::ERR_CONNECTION_REFUSED @ http://localhost:3000/@vite/client:1034
[ 1843183ms] [ERROR] WebSocket connection to 'ws://localhost:3000/' failed: Error in connection establishment: net::ERR_CONNECTION_REFUSED @ http://localhost:3000/@vite/client:1034
[ 1848120ms] [ERROR] WebSocket connection to 'ws://localhost:3000/' failed: Error in connection establishment: net::ERR_CONNECTION_REFUSED @ http://localhost:3000/@vite/client:1034
[ 1851346ms] [ERROR] WebSocket connection to 'ws://localhost:3000/' failed: Error in connection establishment: net::ERR_CONNECTION_REFUSED @ http://localhost:3000/@vite/client:1034
[ 1852347ms] [ERROR] WebSocket connection to 'ws://localhost:3000/' failed: Error in connection establishment: net::ERR_CONNECTION_REFUSED @ http://localhost:3000/@vite/client:1034
[ 1853349ms] [ERROR] WebSocket connection to 'ws://localhost:3000/' failed: Error in connection establishment: net::ERR_CONNECTION_REFUSED @ http://localhost:3000/@vite/client:1034
[ 1854350ms] [ERROR] WebSocket connection to 'ws://localhost:3000/' failed: Error in connection establishment: net::ERR_CONNECTION_REFUSED @ http://localhost:3000/@vite/client:1034
[ 1855351ms] [ERROR] WebSocket connection to 'ws://localhost:3000/' failed: Error in connection establishment: net::ERR_CONNECTION_REFUSED @ http://localhost:3000/@vite/client:1034
[ 1856354ms] [ERROR] WebSocket connection to 'ws://localhost:3000/' failed: Error in connection establishment: net::ERR_CONNECTION_REFUSED @ http://localhost:3000/@vite/client:1034
[ 1857357ms] [ERROR] WebSocket connection to 'ws://localhost:3000/' failed: Error in connection establishment: net::ERR_CONNECTION_REFUSED @ http://localhost:3000/@vite/client:1034
[ 1858363ms] [ERROR] WebSocket connection to 'ws://localhost:3000/' failed: Error in connection establishment: net::ERR_CONNECTION_REFUSED @ http://localhost:3000/@vite/client:1034
[ 1859378ms] [ERROR] WebSocket connection to 'ws://localhost:3000/' failed: Error in connection establishment: net::ERR_CONNECTION_REFUSED @ http://localhost:3000/@vite/client:1034
[ 1860101ms] [ERROR] Failed to load resource: net::ERR_CONNECTION_REFUSED @ http://localhost:8000/api/v1/overview/doctor:0
[ 1860101ms] [ERROR] Failed to load resource: net::ERR_CONNECTION_REFUSED @ http://localhost:8000/api/v1/overview/kpi:0
[ 1860412ms] [ERROR] WebSocket connection to 'ws://localhost:3000/' failed: Error in connection establishment: net::ERR_CONNECTION_REFUSED @ http://localhost:3000/@vite/client:1034
[ 1861478ms] [ERROR] WebSocket connection to 'ws://localhost:3000/' failed: Error in connection establishment: net::ERR_CONNECTION_REFUSED @ http://localhost:3000/@vite/client:1034
[ 1862635ms] [ERROR] WebSocket connection to 'ws://localhost:3000/' failed: Error in connection establishment: net::ERR_CONNECTION_REFUSED @ http://localhost:3000/@vite/client:1034
[ 1863890ms] [ERROR] WebSocket connection to 'ws://localhost:3000/' failed: Error in connection establishment: net::ERR_CONNECTION_REFUSED @ http://localhost:3000/@vite/client:1034
[ 1865236ms] [ERROR] WebSocket connection to 'ws://localhost:3000/' failed: Error in connection establishment: net::ERR_CONNECTION_REFUSED @ http://localhost:3000/@vite/client:1034
[ 1866768ms] [ERROR] WebSocket connection to 'ws://localhost:3000/' failed: Error in connection establishment: net::ERR_CONNECTION_REFUSED @ http://localhost:3000/@vite/client:1034
[ 1869413ms] [ERROR] WebSocket connection to 'ws://localhost:3000/' failed: Error in connection establishment: net::ERR_CONNECTION_REFUSED @ http://localhost:3000/@vite/client:1034
[ 1874070ms] [ERROR] WebSocket connection to 'ws://localhost:3000/' failed: Error in connection establishment: net::ERR_CONNECTION_REFUSED @ http://localhost:3000/@vite/client:1034
[ 1878049ms] [ERROR] WebSocket connection to 'ws://localhost:3000/' failed: Error in connection establishment: net::ERR_CONNECTION_REFUSED @ http://localhost:3000/@vite/client:1034
[ 1882046ms] [ERROR] WebSocket connection to 'ws://localhost:3000/' failed: Error in connection establishment: net::ERR_CONNECTION_REFUSED @ http://localhost:3000/@vite/client:1034
[ 1886401ms] [ERROR] WebSocket connection to 'ws://localhost:3000/' failed: Error in connection establishment: net::ERR_CONNECTION_REFUSED @ http://localhost:3000/@vite/client:1034
[ 1890101ms] [ERROR] Failed to load resource: net::ERR_CONNECTION_REFUSED @ http://localhost:8000/api/v1/overview/doctor:0
[ 1890101ms] [ERROR] Failed to load resource: net::ERR_CONNECTION_REFUSED @ http://localhost:8000/api/v1/overview/kpi:0
[ 1891787ms] [ERROR] WebSocket connection to 'ws://localhost:3000/' failed: Error in connection establishment: net::ERR_CONNECTION_REFUSED @ http://localhost:3000/@vite/client:1034
[ 1894524ms] [ERROR] WebSocket connection to 'ws://localhost:3000/' failed: Error in connection establishment: net::ERR_CONNECTION_REFUSED @ http://localhost:3000/@vite/client:1034
[ 1899259ms] [ERROR] WebSocket connection to 'ws://localhost:3000/' failed: Error in connection establishment: net::ERR_CONNECTION_REFUSED @ http://localhost:3000/@vite/client:1034
[ 1902133ms] [ERROR] WebSocket connection to 'ws://localhost:3000/' failed: Error in connection establishment: net::ERR_CONNECTION_REFUSED @ http://localhost:3000/@vite/client:1034
[ 1905829ms] [ERROR] WebSocket connection to 'ws://localhost:3000/' failed: Error in connection establishment: net::ERR_CONNECTION_REFUSED @ http://localhost:3000/@vite/client:1034
[ 1910738ms] [ERROR] WebSocket connection to 'ws://localhost:3000/' failed: Error in connection establishment: net::ERR_CONNECTION_REFUSED @ http://localhost:3000/@vite/client:1034
[ 1914231ms] [ERROR] WebSocket connection to 'ws://localhost:3000/' failed: Error in connection establishment: net::ERR_CONNECTION_REFUSED @ http://localhost:3000/@vite/client:1034
[ 1918567ms] [ERROR] WebSocket connection to 'ws://localhost:3000/' failed: Error in connection establishment: net::ERR_CONNECTION_REFUSED @ http://localhost:3000/@vite/client:1034
[ 1920101ms] [ERROR] Failed to load resource: net::ERR_CONNECTION_REFUSED @ http://localhost:8000/api/v1/overview/doctor:0
[ 1920101ms] [ERROR] Failed to load resource: net::ERR_CONNECTION_REFUSED @ http://localhost:8000/api/v1/overview/kpi:0
[ 1923733ms] [ERROR] WebSocket connection to 'ws://localhost:3000/' failed: Error in connection establishment: net::ERR_CONNECTION_REFUSED @ http://localhost:3000/@vite/client:1034
[ 1926152ms] [ERROR] WebSocket connection to 'ws://localhost:3000/' failed: Error in connection establishment: net::ERR_CONNECTION_REFUSED @ http://localhost:3000/@vite/client:1034
[ 1930726ms] [ERROR] WebSocket connection to 'ws://localhost:3000/' failed: Error in connection establishment: net::ERR_CONNECTION_REFUSED @ http://localhost:3000/@vite/client:1034
[ 1934923ms] [ERROR] WebSocket connection to 'ws://localhost:3000/' failed: Error in connection establishment: net::ERR_CONNECTION_REFUSED @ http://localhost:3000/@vite/client:1034
[ 1937878ms] [ERROR] WebSocket connection to 'ws://localhost:3000/' failed: Error in connection establishment: net::ERR_CONNECTION_REFUSED @ http://localhost:3000/@vite/client:1034
[ 1941651ms] [ERROR] WebSocket connection to 'ws://localhost:3000/' failed: Error in connection establishment: net::ERR_CONNECTION_REFUSED @ http://localhost:3000/@vite/client:1034
[ 1945481ms] [ERROR] WebSocket connection to 'ws://localhost:3000/' failed: Error in connection establishment: net::ERR_CONNECTION_REFUSED @ http://localhost:3000/@vite/client:1034
[ 1947768ms] [ERROR] WebSocket connection to 'ws://localhost:3000/' failed: Error in connection establishment: net::ERR_CONNECTION_REFUSED @ http://localhost:3000/@vite/client:1034
[ 1950101ms] [ERROR] Failed to load resource: net::ERR_CONNECTION_REFUSED @ http://localhost:8000/api/v1/overview/doctor:0
[ 1950101ms] [ERROR] Failed to load resource: net::ERR_CONNECTION_REFUSED @ http://localhost:8000/api/v1/overview/kpi:0
[ 1950927ms] [ERROR] WebSocket connection to 'ws://localhost:3000/' failed: Error in connection establishment: net::ERR_CONNECTION_REFUSED @ http://localhost:3000/@vite/client:1034
[ 1953175ms] [ERROR] WebSocket connection to 'ws://localhost:3000/' failed: Error in connection establishment: net::ERR_CONNECTION_REFUSED @ http://localhost:3000/@vite/client:1034
[ 1957003ms] [ERROR] WebSocket connection to 'ws://localhost:3000/' failed: Error in connection establishment: net::ERR_CONNECTION_REFUSED @ http://localhost:3000/@vite/client:1034
[ 1962872ms] [ERROR] WebSocket connection to 'ws://localhost:3000/' failed: Error in connection establishment: net::ERR_CONNECTION_REFUSED @ http://localhost:3000/@vite/client:1034
[ 1965566ms] [ERROR] WebSocket connection to 'ws://localhost:3000/' failed: Error in connection establishment: net::ERR_CONNECTION_REFUSED @ http://localhost:3000/@vite/client:1034
[ 1967713ms] [ERROR] WebSocket connection to 'ws://localhost:3000/' failed: Error in connection establishment: net::ERR_CONNECTION_REFUSED @ http://localhost:3000/@vite/client:1034
[ 1970743ms] [ERROR] WebSocket connection to 'ws://localhost:3000/' failed: Error in connection establishment: net::ERR_CONNECTION_REFUSED @ http://localhost:3000/@vite/client:1034
[ 1974343ms] [ERROR] WebSocket connection to 'ws://localhost:3000/' failed: Error in connection establishment: net::ERR_CONNECTION_REFUSED @ http://localhost:3000/@vite/client:1034
[ 1978799ms] [ERROR] WebSocket connection to 'ws://localhost:3000/' failed: Error in connection establishment: net::ERR_CONNECTION_REFUSED @ http://localhost:3000/@vite/client:1034
[ 1980101ms] [ERROR] Failed to load resource: net::ERR_CONNECTION_REFUSED @ http://localhost:8000/api/v1/overview/doctor:0
[ 1980101ms] [ERROR] Failed to load resource: net::ERR_CONNECTION_REFUSED @ http://localhost:8000/api/v1/overview/kpi:0
[ 1981862ms] [ERROR] WebSocket connection to 'ws://localhost:3000/' failed: Error in connection establishment: net::ERR_CONNECTION_REFUSED @ http://localhost:3000/@vite/client:1034
[ 1986546ms] [ERROR] WebSocket connection to 'ws://localhost:3000/' failed: Error in connection establishment: net::ERR_CONNECTION_REFUSED @ http://localhost:3000/@vite/client:1034
[ 1989563ms] [ERROR] WebSocket connection to 'ws://localhost:3000/' failed: Error in connection establishment: net::ERR_CONNECTION_REFUSED @ http://localhost:3000/@vite/client:1034
[ 1993908ms] [ERROR] WebSocket connection to 'ws://localhost:3000/' failed: Error in connection establishment: net::ERR_CONNECTION_REFUSED @ http://localhost:3000/@vite/client:1034
[ 1999914ms] [ERROR] WebSocket connection to 'ws://localhost:3000/' failed: Error in connection establishment: net::ERR_CONNECTION_REFUSED @ http://localhost:3000/@vite/client:1034
[ 2004092ms] [ERROR] WebSocket connection to 'ws://localhost:3000/' failed: Error in connection establishment: net::ERR_CONNECTION_REFUSED @ http://localhost:3000/@vite/client:1034
[ 2009905ms] [ERROR] WebSocket connection to 'ws://localhost:3000/' failed: Error in connection establishment: net::ERR_CONNECTION_REFUSED @ http://localhost:3000/@vite/client:1034
[ 2010100ms] [ERROR] Failed to load resource: net::ERR_CONNECTION_REFUSED @ http://localhost:8000/api/v1/overview/doctor:0
[ 2010101ms] [ERROR] Failed to load resource: net::ERR_CONNECTION_REFUSED @ http://localhost:8000/api/v1/overview/kpi:0
[ 2013531ms] [ERROR] WebSocket connection to 'ws://localhost:3000/' failed: Error in connection establishment: net::ERR_CONNECTION_REFUSED @ http://localhost:3000/@vite/client:1034
[ 2016741ms] [ERROR] WebSocket connection to 'ws://localhost:3000/' failed: Error in connection establishment: net::ERR_CONNECTION_REFUSED @ http://localhost:3000/@vite/client:1034
[ 2022451ms] [ERROR] WebSocket connection to 'ws://localhost:3000/' failed: Error in connection establishment: net::ERR_CONNECTION_REFUSED @ http://localhost:3000/@vite/client:1034
[ 2025193ms] [ERROR] WebSocket connection to 'ws://localhost:3000/' failed: Error in connection establishment: net::ERR_CONNECTION_REFUSED @ http://localhost:3000/@vite/client:1034
[ 2031195ms] [ERROR] WebSocket connection to 'ws://localhost:3000/' failed: Error in connection establishment: net::ERR_CONNECTION_REFUSED @ http://localhost:3000/@vite/client:1034
[ 2035643ms] [ERROR] WebSocket connection to 'ws://localhost:3000/' failed: Error in connection establishment: net::ERR_CONNECTION_REFUSED @ http://localhost:3000/@vite/client:1034
[ 2039088ms] [ERROR] WebSocket connection to 'ws://localhost:3000/' failed: Error in connection establishment: net::ERR_CONNECTION_REFUSED @ http://localhost:3000/@vite/client:1034
[ 2040100ms] [ERROR] Failed to load resource: net::ERR_CONNECTION_REFUSED @ http://localhost:8000/api/v1/overview/doctor:0
[ 2040101ms] [ERROR] Failed to load resource: net::ERR_CONNECTION_REFUSED @ http://localhost:8000/api/v1/overview/kpi:0
[ 2042116ms] [ERROR] WebSocket connection to 'ws://localhost:3000/' failed: Error in connection establishment: net::ERR_CONNECTION_REFUSED @ http://localhost:3000/@vite/client:1034
[ 2045124ms] [ERROR] WebSocket connection to 'ws://localhost:3000/' failed: Error in connection establishment: net::ERR_CONNECTION_REFUSED @ http://localhost:3000/@vite/client:1034
[ 2048364ms] [ERROR] WebSocket connection to 'ws://localhost:3000/' failed: Error in connection establishment: net::ERR_CONNECTION_REFUSED @ http://localhost:3000/@vite/client:1034
[ 2052362ms] [ERROR] WebSocket connection to 'ws://localhost:3000/' failed: Error in connection establishment: net::ERR_CONNECTION_REFUSED @ http://localhost:3000/@vite/client:1034
[ 2057190ms] [ERROR] WebSocket connection to 'ws://localhost:3000/' failed: Error in connection establishment: net::ERR_CONNECTION_REFUSED @ http://localhost:3000/@vite/client:1034
[ 2062422ms] [ERROR] WebSocket connection to 'ws://localhost:3000/' failed: Error in connection establishment: net::ERR_CONNECTION_REFUSED @ http://localhost:3000/@vite/client:1034
[ 2068179ms] [ERROR] WebSocket connection to 'ws://localhost:3000/' failed: Error in connection establishment: net::ERR_CONNECTION_REFUSED @ http://localhost:3000/@vite/client:1034
[ 2070100ms] [ERROR] Failed to load resource: net::ERR_CONNECTION_REFUSED @ http://localhost:8000/api/v1/overview/doctor:0
[ 2070100ms] [ERROR] Failed to load resource: net::ERR_CONNECTION_REFUSED @ http://localhost:8000/api/v1/overview/kpi:0
[ 2073965ms] [ERROR] WebSocket connection to 'ws://localhost:3000/' failed: Error in connection establishment: net::ERR_CONNECTION_REFUSED @ http://localhost:3000/@vite/client:1034
[ 2076206ms] [ERROR] WebSocket connection to 'ws://localhost:3000/' failed: Error in connection establishment: net::ERR_CONNECTION_REFUSED @ http://localhost:3000/@vite/client:1034
[ 2078897ms] [ERROR] WebSocket connection to 'ws://localhost:3000/' failed: Error in connection establishment: net::ERR_CONNECTION_REFUSED @ http://localhost:3000/@vite/client:1034
[ 2084076ms] [ERROR] WebSocket connection to 'ws://localhost:3000/' failed: Error in connection establishment: net::ERR_CONNECTION_REFUSED @ http://localhost:3000/@vite/client:1034
[ 2086744ms] [ERROR] WebSocket connection to 'ws://localhost:3000/' failed: Error in connection establishment: net::ERR_CONNECTION_REFUSED @ http://localhost:3000/@vite/client:1034
[ 2092135ms] [ERROR] WebSocket connection to 'ws://localhost:3000/' failed: Error in connection establishment: net::ERR_CONNECTION_REFUSED @ http://localhost:3000/@vite/client:1034
[ 2093136ms] [ERROR] WebSocket connection to 'ws://localhost:3000/' failed: Error in connection establishment: net::ERR_CONNECTION_REFUSED @ http://localhost:3000/@vite/client:1034
[ 2094138ms] [ERROR] WebSocket connection to 'ws://localhost:3000/' failed: Error in connection establishment: net::ERR_CONNECTION_REFUSED @ http://localhost:3000/@vite/client:1034
[ 2095139ms] [ERROR] WebSocket connection to 'ws://localhost:3000/' failed: Error in connection establishment: net::ERR_CONNECTION_REFUSED @ http://localhost:3000/@vite/client:1034
[ 2096142ms] [ERROR] WebSocket connection to 'ws://localhost:3000/' failed: Error in connection establishment: net::ERR_CONNECTION_REFUSED @ http://localhost:3000/@vite/client:1034
[ 2097143ms] [ERROR] WebSocket connection to 'ws://localhost:3000/' failed: Error in connection establishment: net::ERR_CONNECTION_REFUSED @ http://localhost:3000/@vite/client:1034
[ 2098145ms] [ERROR] WebSocket connection to 'ws://localhost:3000/' failed: Error in connection establishment: net::ERR_CONNECTION_REFUSED @ http://localhost:3000/@vite/client:1034
[ 2099152ms] [ERROR] WebSocket connection to 'ws://localhost:3000/' failed: Error in connection establishment: net::ERR_CONNECTION_REFUSED @ http://localhost:3000/@vite/client:1034
[ 2100101ms] [ERROR] Failed to load resource: net::ERR_CONNECTION_REFUSED @ http://localhost:8000/api/v1/overview/doctor:0
[ 2100101ms] [ERROR] Failed to load resource: net::ERR_CONNECTION_REFUSED @ http://localhost:8000/api/v1/overview/kpi:0
[ 2100159ms] [ERROR] WebSocket connection to 'ws://localhost:3000/' failed: Error in connection establishment: net::ERR_CONNECTION_REFUSED @ http://localhost:3000/@vite/client:1034
[ 2101184ms] [ERROR] WebSocket connection to 'ws://localhost:3000/' failed: Error in connection establishment: net::ERR_CONNECTION_REFUSED @ http://localhost:3000/@vite/client:1034
[ 2102214ms] [ERROR] WebSocket connection to 'ws://localhost:3000/' failed: Error in connection establishment: net::ERR_CONNECTION_REFUSED @ http://localhost:3000/@vite/client:1034
[ 2103274ms] [ERROR] WebSocket connection to 'ws://localhost:3000/' failed: Error in connection establishment: net::ERR_CONNECTION_REFUSED @ http://localhost:3000/@vite/client:1034
[ 2104454ms] [ERROR] WebSocket connection to 'ws://localhost:3000/' failed: Error in connection establishment: net::ERR_CONNECTION_REFUSED @ http://localhost:3000/@vite/client:1034
[ 2106044ms] [ERROR] WebSocket connection to 'ws://localhost:3000/' failed: Error in connection establishment: net::ERR_CONNECTION_REFUSED @ http://localhost:3000/@vite/client:1034
[ 2107929ms] [ERROR] WebSocket connection to 'ws://localhost:3000/' failed: Error in connection establishment: net::ERR_CONNECTION_REFUSED @ http://localhost:3000/@vite/client:1034
[ 2109601ms] [ERROR] WebSocket connection to 'ws://localhost:3000/' failed: Error in connection establishment: net::ERR_CONNECTION_REFUSED @ http://localhost:3000/@vite/client:1034
[ 2113840ms] [ERROR] WebSocket connection to 'ws://localhost:3000/' failed: Error in connection establishment: net::ERR_CONNECTION_REFUSED @ http://localhost:3000/@vite/client:1034
[ 2117183ms] [ERROR] WebSocket connection to 'ws://localhost:3000/' failed: Error in connection establishment: net::ERR_CONNECTION_REFUSED @ http://localhost:3000/@vite/client:1034
[ 2120507ms] [ERROR] WebSocket connection to 'ws://localhost:3000/' failed: Error in connection establishment: net::ERR_CONNECTION_REFUSED @ http://localhost:3000/@vite/client:1034
[ 2122882ms] [ERROR] WebSocket connection to 'ws://localhost:3000/' failed: Error in connection establishment: net::ERR_CONNECTION_REFUSED @ http://localhost:3000/@vite/client:1034
[ 2125508ms] [ERROR] WebSocket connection to 'ws://localhost:3000/' failed: Error in connection establishment: net::ERR_CONNECTION_REFUSED @ http://localhost:3000/@vite/client:1034
[ 2130101ms] [ERROR] Failed to load resource: net::ERR_CONNECTION_REFUSED @ http://localhost:8000/api/v1/overview/doctor:0
[ 2130101ms] [ERROR] Failed to load resource: net::ERR_CONNECTION_REFUSED @ http://localhost:8000/api/v1/overview/kpi:0
[ 2130336ms] [ERROR] WebSocket connection to 'ws://localhost:3000/' failed: Error in connection establishment: net::ERR_CONNECTION_REFUSED @ http://localhost:3000/@vite/client:1034
[ 2135784ms] [ERROR] WebSocket connection to 'ws://localhost:3000/' failed: Error in connection establishment: net::ERR_CONNECTION_REFUSED @ http://localhost:3000/@vite/client:1034
[ 2140372ms] [ERROR] WebSocket connection to 'ws://localhost:3000/' failed: Error in connection establishment: net::ERR_CONNECTION_REFUSED @ http://localhost:3000/@vite/client:1034
[ 2144174ms] [ERROR] WebSocket connection to 'ws://localhost:3000/' failed: Error in connection establishment: net::ERR_CONNECTION_REFUSED @ http://localhost:3000/@vite/client:1034
[ 2149855ms] [ERROR] WebSocket connection to 'ws://localhost:3000/' failed: Error in connection establishment: net::ERR_CONNECTION_REFUSED @ http://localhost:3000/@vite/client:1034
[ 2152346ms] [ERROR] WebSocket connection to 'ws://localhost:3000/' failed: Error in connection establishment: net::ERR_CONNECTION_REFUSED @ http://localhost:3000/@vite/client:1034
[ 2156336ms] [ERROR] WebSocket connection to 'ws://localhost:3000/' failed: Error in connection establishment: net::ERR_CONNECTION_REFUSED @ http://localhost:3000/@vite/client:1034
[ 2160101ms] [ERROR] Failed to load resource: net::ERR_CONNECTION_REFUSED @ http://localhost:8000/api/v1/overview/doctor:0
[ 2160101ms] [ERROR] Failed to load resource: net::ERR_CONNECTION_REFUSED @ http://localhost:8000/api/v1/overview/kpi:0
[ 2160674ms] [ERROR] WebSocket connection to 'ws://localhost:3000/' failed: Error in connection establishment: net::ERR_CONNECTION_REFUSED @ http://localhost:3000/@vite/client:1034
[ 2166235ms] [ERROR] WebSocket connection to 'ws://localhost:3000/' failed: Error in connection establishment: net::ERR_CONNECTION_REFUSED @ http://localhost:3000/@vite/client:1034
[ 2171632ms] [ERROR] WebSocket connection to 'ws://localhost:3000/' failed: Error in connection establishment: net::ERR_CONNECTION_REFUSED @ http://localhost:3000/@vite/client:1034
[ 2174388ms] [ERROR] WebSocket connection to 'ws://localhost:3000/' failed: Error in connection establishment: net::ERR_CONNECTION_REFUSED @ http://localhost:3000/@vite/client:1034
[ 2177221ms] [ERROR] WebSocket connection to 'ws://localhost:3000/' failed: Error in connection establishment: net::ERR_CONNECTION_REFUSED @ http://localhost:3000/@vite/client:1034
[ 2179893ms] [ERROR] WebSocket connection to 'ws://localhost:3000/' failed: Error in connection establishment: net::ERR_CONNECTION_REFUSED @ http://localhost:3000/@vite/client:1034
[ 2183392ms] [ERROR] WebSocket connection to 'ws://localhost:3000/' failed: Error in connection establishment: net::ERR_CONNECTION_REFUSED @ http://localhost:3000/@vite/client:1034
[ 2186687ms] [ERROR] WebSocket connection to 'ws://localhost:3000/' failed: Error in connection establishment: net::ERR_CONNECTION_REFUSED @ http://localhost:3000/@vite/client:1034
[ 2189960ms] [ERROR] WebSocket connection to 'ws://localhost:3000/' failed: Error in connection establishment: net::ERR_CONNECTION_REFUSED @ http://localhost:3000/@vite/client:1034
[ 2190101ms] [ERROR] Failed to load resource: net::ERR_CONNECTION_REFUSED @ http://localhost:8000/api/v1/overview/doctor:0
[ 2190101ms] [ERROR] Failed to load resource: net::ERR_CONNECTION_REFUSED @ http://localhost:8000/api/v1/overview/kpi:0
[ 2193386ms] [ERROR] WebSocket connection to 'ws://localhost:3000/' failed: Error in connection establishment: net::ERR_CONNECTION_REFUSED @ http://localhost:3000/@vite/client:1034
[ 2199315ms] [ERROR] WebSocket connection to 'ws://localhost:3000/' failed: Error in connection establishment: net::ERR_CONNECTION_REFUSED @ http://localhost:3000/@vite/client:1034
[ 2203263ms] [ERROR] WebSocket connection to 'ws://localhost:3000/' failed: Error in connection establishment: net::ERR_CONNECTION_REFUSED @ http://localhost:3000/@vite/client:1034
[ 2205280ms] [ERROR] WebSocket connection to 'ws://localhost:3000/' failed: Error in connection establishment: net::ERR_CONNECTION_REFUSED @ http://localhost:3000/@vite/client:1034
[ 2208395ms] [ERROR] WebSocket connection to 'ws://localhost:3000/' failed: Error in connection establishment: net::ERR_CONNECTION_REFUSED @ http://localhost:3000/@vite/client:1034
[ 2213274ms] [ERROR] WebSocket connection to 'ws://localhost:3000/' failed: Error in connection establishment: net::ERR_CONNECTION_REFUSED @ http://localhost:3000/@vite/client:1034
[ 2217693ms] [ERROR] WebSocket connection to 'ws://localhost:3000/' failed: Error in connection establishment: net::ERR_CONNECTION_REFUSED @ http://localhost:3000/@vite/client:1034
[ 2220101ms] [ERROR] Failed to load resource: net::ERR_CONNECTION_REFUSED @ http://localhost:8000/api/v1/overview/doctor:0
[ 2220101ms] [ERROR] Failed to load resource: net::ERR_CONNECTION_REFUSED @ http://localhost:8000/api/v1/overview/kpi:0
[ 2223514ms] [ERROR] WebSocket connection to 'ws://localhost:3000/' failed: Error in connection establishment: net::ERR_CONNECTION_REFUSED @ http://localhost:3000/@vite/client:1034
[ 2228118ms] [ERROR] WebSocket connection to 'ws://localhost:3000/' failed: Error in connection establishment: net::ERR_CONNECTION_REFUSED @ http://localhost:3000/@vite/client:1034
[ 2234115ms] [ERROR] WebSocket connection to 'ws://localhost:3000/' failed: Error in connection establishment: net::ERR_CONNECTION_REFUSED @ http://localhost:3000/@vite/client:1034
[ 2237869ms] [ERROR] WebSocket connection to 'ws://localhost:3000/' failed: Error in connection establishment: net::ERR_CONNECTION_REFUSED @ http://localhost:3000/@vite/client:1034
[ 2241017ms] [ERROR] WebSocket connection to 'ws://localhost:3000/' failed: Error in connection establishment: net::ERR_CONNECTION_REFUSED @ http://localhost:3000/@vite/client:1034
[ 2245367ms] [ERROR] WebSocket connection to 'ws://localhost:3000/' failed: Error in connection establishment: net::ERR_CONNECTION_REFUSED @ http://localhost:3000/@vite/client:1034
[ 2250101ms] [ERROR] Failed to load resource: net::ERR_CONNECTION_REFUSED @ http://localhost:8000/api/v1/overview/doctor:0
[ 2250101ms] [ERROR] Failed to load resource: net::ERR_CONNECTION_REFUSED @ http://localhost:8000/api/v1/overview/kpi:0
[ 2251345ms] [ERROR] WebSocket connection to 'ws://localhost:3000/' failed: Error in connection establishment: net::ERR_CONNECTION_REFUSED @ http://localhost:3000/@vite/client:1034
[ 2256552ms] [ERROR] WebSocket connection to 'ws://localhost:3000/' failed: Error in connection establishment: net::ERR_CONNECTION_REFUSED @ http://localhost:3000/@vite/client:1034
[ 2260293ms] [ERROR] WebSocket connection to 'ws://localhost:3000/' failed: Error in connection establishment: net::ERR_CONNECTION_REFUSED @ http://localhost:3000/@vite/client:1034
[ 2264030ms] [ERROR] WebSocket connection to 'ws://localhost:3000/' failed: Error in connection establishment: net::ERR_CONNECTION_REFUSED @ http://localhost:3000/@vite/client:1034
[ 2268545ms] [ERROR] WebSocket connection to 'ws://localhost:3000/' failed: Error in connection establishment: net::ERR_CONNECTION_REFUSED @ http://localhost:3000/@vite/client:1034
[ 2271765ms] [ERROR] WebSocket connection to 'ws://localhost:3000/' failed: Error in connection establishment: net::ERR_CONNECTION_REFUSED @ http://localhost:3000/@vite/client:1034
[ 2276089ms] [ERROR] WebSocket connection to 'ws://localhost:3000/' failed: Error in connection establishment: net::ERR_CONNECTION_REFUSED @ http://localhost:3000/@vite/client:1034
[ 2280101ms] [ERROR] Failed to load resource: net::ERR_CONNECTION_REFUSED @ http://localhost:8000/api/v1/overview/doctor:0
[ 2280101ms] [ERROR] Failed to load resource: net::ERR_CONNECTION_REFUSED @ http://localhost:8000/api/v1/overview/kpi:0
[ 2280626ms] [ERROR] WebSocket connection to 'ws://localhost:3000/' failed: Error in connection establishment: net::ERR_CONNECTION_REFUSED @ http://localhost:3000/@vite/client:1034
[ 2286574ms] [ERROR] WebSocket connection to 'ws://localhost:3000/' failed: Error in connection establishment: net::ERR_CONNECTION_REFUSED @ http://localhost:3000/@vite/client:1034
[ 2290830ms] [ERROR] WebSocket connection to 'ws://localhost:3000/' failed: Error in connection establishment: net::ERR_CONNECTION_REFUSED @ http://localhost:3000/@vite/client:1034
[ 2295394ms] [ERROR] WebSocket connection to 'ws://localhost:3000/' failed: Error in connection establishment: net::ERR_CONNECTION_REFUSED @ http://localhost:3000/@vite/client:1034
[ 2298945ms] [ERROR] WebSocket connection to 'ws://localhost:3000/' failed: Error in connection establishment: net::ERR_CONNECTION_REFUSED @ http://localhost:3000/@vite/client:1034
[ 2303801ms] [ERROR] WebSocket connection to 'ws://localhost:3000/' failed: Error in connection establishment: net::ERR_CONNECTION_REFUSED @ http://localhost:3000/@vite/client:1034
[ 2309727ms] [ERROR] WebSocket connection to 'ws://localhost:3000/' failed: Error in connection establishment: net::ERR_CONNECTION_REFUSED @ http://localhost:3000/@vite/client:1034
[ 2310101ms] [ERROR] Failed to load resource: net::ERR_CONNECTION_REFUSED @ http://localhost:8000/api/v1/overview/doctor:0
[ 2310101ms] [ERROR] Failed to load resource: net::ERR_CONNECTION_REFUSED @ http://localhost:8000/api/v1/overview/kpi:0
[ 2312053ms] [ERROR] WebSocket connection to 'ws://localhost:3000/' failed: Error in connection establishment: net::ERR_CONNECTION_REFUSED @ http://localhost:3000/@vite/client:1034
[ 2316293ms] [ERROR] WebSocket connection to 'ws://localhost:3000/' failed: Error in connection establishment: net::ERR_CONNECTION_REFUSED @ http://localhost:3000/@vite/client:1034
[ 2318573ms] [ERROR] WebSocket connection to 'ws://localhost:3000/' failed: Error in connection establishment: net::ERR_CONNECTION_REFUSED @ http://localhost:3000/@vite/client:1034
[ 2322742ms] [ERROR] WebSocket connection to 'ws://localhost:3000/' failed: Error in connection establishment: net::ERR_CONNECTION_REFUSED @ http://localhost:3000/@vite/client:1034
[ 2327546ms] [ERROR] WebSocket connection to 'ws://localhost:3000/' failed: Error in connection establishment: net::ERR_CONNECTION_REFUSED @ http://localhost:3000/@vite/client:1034
[ 2331230ms] [ERROR] WebSocket connection to 'ws://localhost:3000/' failed: Error in connection establishment: net::ERR_CONNECTION_REFUSED @ http://localhost:3000/@vite/client:1034
[ 2335808ms] [ERROR] WebSocket connection to 'ws://localhost:3000/' failed: Error in connection establishment: net::ERR_CONNECTION_REFUSED @ http://localhost:3000/@vite/client:1034
[ 2339891ms] [ERROR] WebSocket connection to 'ws://localhost:3000/' failed: Error in connection establishment: net::ERR_CONNECTION_REFUSED @ http://localhost:3000/@vite/client:1034
[ 2340101ms] [ERROR] Failed to load resource: net::ERR_CONNECTION_REFUSED @ http://localhost:8000/api/v1/overview/doctor:0
[ 2340101ms] [ERROR] Failed to load resource: net::ERR_CONNECTION_REFUSED @ http://localhost:8000/api/v1/overview/kpi:0
[ 2344037ms] [ERROR] WebSocket connection to 'ws://localhost:3000/' failed: Error in connection establishment: net::ERR_CONNECTION_REFUSED @ http://localhost:3000/@vite/client:1034
[ 2347838ms] [ERROR] WebSocket connection to 'ws://localhost:3000/' failed: Error in connection establishment: net::ERR_CONNECTION_REFUSED @ http://localhost:3000/@vite/client:1034
[ 2352316ms] [ERROR] WebSocket connection to 'ws://localhost:3000/' failed: Error in connection establishment: net::ERR_CONNECTION_REFUSED @ http://localhost:3000/@vite/client:1034
[ 2354911ms] [ERROR] WebSocket connection to 'ws://localhost:3000/' failed: Error in connection establishment: net::ERR_CONNECTION_REFUSED @ http://localhost:3000/@vite/client:1034
[ 2358689ms] [ERROR] WebSocket connection to 'ws://localhost:3000/' failed: Error in connection establishment: net::ERR_CONNECTION_REFUSED @ http://localhost:3000/@vite/client:1034
[ 2363320ms] [ERROR] WebSocket connection to 'ws://localhost:3000/' failed: Error in connection establishment: net::ERR_CONNECTION_REFUSED @ http://localhost:3000/@vite/client:1034
[ 2366422ms] [ERROR] WebSocket connection to 'ws://localhost:3000/' failed: Error in connection establishment: net::ERR_CONNECTION_REFUSED @ http://localhost:3000/@vite/client:1034
[ 2370101ms] [ERROR] Failed to load resource: net::ERR_CONNECTION_REFUSED @ http://localhost:8000/api/v1/overview/doctor:0
[ 2370101ms] [ERROR] Failed to load resource: net::ERR_CONNECTION_REFUSED @ http://localhost:8000/api/v1/overview/kpi:0
[ 2372115ms] [ERROR] WebSocket connection to 'ws://localhost:3000/' failed: Error in connection establishment: net::ERR_CONNECTION_REFUSED @ http://localhost:3000/@vite/client:1034
[ 2375750ms] [ERROR] WebSocket connection to 'ws://localhost:3000/' failed: Error in connection establishment: net::ERR_CONNECTION_REFUSED @ http://localhost:3000/@vite/client:1034
[ 2378292ms] [ERROR] WebSocket connection to 'ws://localhost:3000/' failed: Error in connection establishment: net::ERR_CONNECTION_REFUSED @ http://localhost:3000/@vite/client:1034
[ 2382089ms] [ERROR] WebSocket connection to 'ws://localhost:3000/' failed: Error in connection establishment: net::ERR_CONNECTION_REFUSED @ http://localhost:3000/@vite/client:1034
[ 2384907ms] [ERROR] WebSocket connection to 'ws://localhost:3000/' failed: Error in connection establishment: net::ERR_CONNECTION_REFUSED @ http://localhost:3000/@vite/client:1034
[ 2388824ms] [ERROR] WebSocket connection to 'ws://localhost:3000/' failed: Error in connection establishment: net::ERR_CONNECTION_REFUSED @ http://localhost:3000/@vite/client:1034
[ 2393217ms] [ERROR] WebSocket connection to 'ws://localhost:3000/' failed: Error in connection establishment: net::ERR_CONNECTION_REFUSED @ http://localhost:3000/@vite/client:1034
[ 2397395ms] [ERROR] WebSocket connection to 'ws://localhost:3000/' failed: Error in connection establishment: net::ERR_CONNECTION_REFUSED @ http://localhost:3000/@vite/client:1034
[ 2399623ms] [ERROR] WebSocket connection to 'ws://localhost:3000/' failed: Error in connection establishment: net::ERR_CONNECTION_REFUSED @ http://localhost:3000/@vite/client:1034
[ 2400101ms] [ERROR] Failed to load resource: net::ERR_CONNECTION_REFUSED @ http://localhost:8000/api/v1/overview/doctor:0
[ 2400101ms] [ERROR] Failed to load resource: net::ERR_CONNECTION_REFUSED @ http://localhost:8000/api/v1/overview/kpi:0
[ 2403412ms] [ERROR] WebSocket connection to 'ws://localhost:3000/' failed: Error in connection establishment: net::ERR_CONNECTION_REFUSED @ http://localhost:3000/@vite/client:1034
[ 2406584ms] [ERROR] WebSocket connection to 'ws://localhost:3000/' failed: Error in connection establishment: net::ERR_CONNECTION_REFUSED @ http://localhost:3000/@vite/client:1034
[ 2412141ms] [ERROR] WebSocket connection to 'ws://localhost:3000/' failed: Error in connection establishment: net::ERR_CONNECTION_REFUSED @ http://localhost:3000/@vite/client:1034
[ 2418122ms] [ERROR] WebSocket connection to 'ws://localhost:3000/' failed: Error in connection establishment: net::ERR_CONNECTION_REFUSED @ http://localhost:3000/@vite/client:1034
[ 2420154ms] [ERROR] WebSocket connection to 'ws://localhost:3000/' failed: Error in connection establishment: net::ERR_CONNECTION_REFUSED @ http://localhost:3000/@vite/client:1034
[ 2426058ms] [ERROR] WebSocket connection to 'ws://localhost:3000/' failed: Error in connection establishment: net::ERR_CONNECTION_REFUSED @ http://localhost:3000/@vite/client:1034
[ 2428912ms] [ERROR] WebSocket connection to 'ws://localhost:3000/' failed: Error in connection establishment: net::ERR_CONNECTION_REFUSED @ http://localhost:3000/@vite/client:1034
[ 2430101ms] [ERROR] Failed to load resource: net::ERR_CONNECTION_REFUSED @ http://localhost:8000/api/v1/overview/doctor:0
[ 2430101ms] [ERROR] Failed to load resource: net::ERR_CONNECTION_REFUSED @ http://localhost:8000/api/v1/overview/kpi:0
[ 2434544ms] [ERROR] WebSocket connection to 'ws://localhost:3000/' failed: Error in connection establishment: net::ERR_CONNECTION_REFUSED @ http://localhost:3000/@vite/client:1034
[ 2437117ms] [ERROR] WebSocket connection to 'ws://localhost:3000/' failed: Error in connection establishment: net::ERR_CONNECTION_REFUSED @ http://localhost:3000/@vite/client:1034
[ 2442895ms] [ERROR] WebSocket connection to 'ws://localhost:3000/' failed: Error in connection establishment: net::ERR_CONNECTION_REFUSED @ http://localhost:3000/@vite/client:1034
[ 2448770ms] [ERROR] WebSocket connection to 'ws://localhost:3000/' failed: Error in connection establishment: net::ERR_CONNECTION_REFUSED @ http://localhost:3000/@vite/client:1034
[ 2453611ms] [ERROR] WebSocket connection to 'ws://localhost:3000/' failed: Error in connection establishment: net::ERR_CONNECTION_REFUSED @ http://localhost:3000/@vite/client:1034
[ 2458360ms] [ERROR] WebSocket connection to 'ws://localhost:3000/' failed: Error in connection establishment: net::ERR_CONNECTION_REFUSED @ http://localhost:3000/@vite/client:1034
[ 2460100ms] [ERROR] Failed to load resource: net::ERR_CONNECTION_REFUSED @ http://localhost:8000/api/v1/overview/doctor:0
[ 2460101ms] [ERROR] Failed to load resource: net::ERR_CONNECTION_REFUSED @ http://localhost:8000/api/v1/overview/kpi:0
[ 2464262ms] [ERROR] WebSocket connection to 'ws://localhost:3000/' failed: Error in connection establishment: net::ERR_CONNECTION_REFUSED @ http://localhost:3000/@vite/client:1034
[ 2467004ms] [ERROR] WebSocket connection to 'ws://localhost:3000/' failed: Error in connection establishment: net::ERR_CONNECTION_REFUSED @ http://localhost:3000/@vite/client:1034
[ 2470538ms] [ERROR] WebSocket connection to 'ws://localhost:3000/' failed: Error in connection establishment: net::ERR_CONNECTION_REFUSED @ http://localhost:3000/@vite/client:1034
[ 2473947ms] [ERROR] WebSocket connection to 'ws://localhost:3000/' failed: Error in connection establishment: net::ERR_CONNECTION_REFUSED @ http://localhost:3000/@vite/client:1034
[ 2477313ms] [ERROR] WebSocket connection to 'ws://localhost:3000/' failed: Error in connection establishment: net::ERR_CONNECTION_REFUSED @ http://localhost:3000/@vite/client:1034
[ 2480090ms] [ERROR] WebSocket connection to 'ws://localhost:3000/' failed: Error in connection establishment: net::ERR_CONNECTION_REFUSED @ http://localhost:3000/@vite/client:1034
[ 2483160ms] [ERROR] WebSocket connection to 'ws://localhost:3000/' failed: Error in connection establishment: net::ERR_CONNECTION_REFUSED @ http://localhost:3000/@vite/client:1034
[ 2489116ms] [ERROR] WebSocket connection to 'ws://localhost:3000/' failed: Error in connection establishment: net::ERR_CONNECTION_REFUSED @ http://localhost:3000/@vite/client:1034
[ 2490101ms] [ERROR] Failed to load resource: net::ERR_CONNECTION_REFUSED @ http://localhost:8000/api/v1/overview/doctor:0
[ 2490101ms] [ERROR] Failed to load resource: net::ERR_CONNECTION_REFUSED @ http://localhost:8000/api/v1/overview/kpi:0
[ 2491148ms] [ERROR] WebSocket connection to 'ws://localhost:3000/' failed: Error in connection establishment: net::ERR_CONNECTION_REFUSED @ http://localhost:3000/@vite/client:1034
[ 2494454ms] [ERROR] WebSocket connection to 'ws://localhost:3000/' failed: Error in connection establishment: net::ERR_CONNECTION_REFUSED @ http://localhost:3000/@vite/client:1034
[ 2497552ms] [ERROR] WebSocket connection to 'ws://localhost:3000/' failed: Error in connection establishment: net::ERR_CONNECTION_REFUSED @ http://localhost:3000/@vite/client:1034
[ 2503107ms] [ERROR] WebSocket connection to 'ws://localhost:3000/' failed: Error in connection establishment: net::ERR_CONNECTION_REFUSED @ http://localhost:3000/@vite/client:1034
[ 2508197ms] [ERROR] WebSocket connection to 'ws://localhost:3000/' failed: Error in connection establishment: net::ERR_CONNECTION_REFUSED @ http://localhost:3000/@vite/client:1034
[ 2511285ms] [ERROR] WebSocket connection to 'ws://localhost:3000/' failed: Error in connection establishment: net::ERR_CONNECTION_REFUSED @ http://localhost:3000/@vite/client:1034
[ 2513768ms] [ERROR] WebSocket connection to 'ws://localhost:3000/' failed: Error in connection establishment: net::ERR_CONNECTION_REFUSED @ http://localhost:3000/@vite/client:1034
[ 2516935ms] [ERROR] WebSocket connection to 'ws://localhost:3000/' failed: Error in connection establishment: net::ERR_CONNECTION_REFUSED @ http://localhost:3000/@vite/client:1034
[ 2520101ms] [ERROR] Failed to load resource: net::ERR_CONNECTION_REFUSED @ http://localhost:8000/api/v1/overview/doctor:0
[ 2520101ms] [ERROR] Failed to load resource: net::ERR_CONNECTION_REFUSED @ http://localhost:8000/api/v1/overview/kpi:0
[ 2520398ms] [ERROR] WebSocket connection to 'ws://localhost:3000/' failed: Error in connection establishment: net::ERR_CONNECTION_REFUSED @ http://localhost:3000/@vite/client:1034
[ 2522716ms] [ERROR] WebSocket connection to 'ws://localhost:3000/' failed: Error in connection establishment: net::ERR_CONNECTION_REFUSED @ http://localhost:3000/@vite/client:1034
[ 2527536ms] [ERROR] WebSocket connection to 'ws://localhost:3000/' failed: Error in connection establishment: net::ERR_CONNECTION_REFUSED @ http://localhost:3000/@vite/client:1034
[ 2532521ms] [ERROR] WebSocket connection to 'ws://localhost:3000/' failed: Error in connection establishment: net::ERR_CONNECTION_REFUSED @ http://localhost:3000/@vite/client:1034
[ 2537496ms] [ERROR] WebSocket connection to 'ws://localhost:3000/' failed: Error in connection establishment: net::ERR_CONNECTION_REFUSED @ http://localhost:3000/@vite/client:1034
[ 2539988ms] [ERROR] WebSocket connection to 'ws://localhost:3000/' failed: Error in connection establishment: net::ERR_CONNECTION_REFUSED @ http://localhost:3000/@vite/client:1034
[ 2543014ms] [ERROR] WebSocket connection to 'ws://localhost:3000/' failed: Error in connection establishment: net::ERR_CONNECTION_REFUSED @ http://localhost:3000/@vite/client:1034
[ 2546367ms] [ERROR] WebSocket connection to 'ws://localhost:3000/' failed: Error in connection establishment: net::ERR_CONNECTION_REFUSED @ http://localhost:3000/@vite/client:1034
[ 2550101ms] [ERROR] Failed to load resource: net::ERR_CONNECTION_REFUSED @ http://localhost:8000/api/v1/overview/doctor:0
[ 2550101ms] [ERROR] Failed to load resource: net::ERR_CONNECTION_REFUSED @ http://localhost:8000/api/v1/overview/kpi:0
[ 2551583ms] [ERROR] WebSocket connection to 'ws://localhost:3000/' failed: Error in connection establishment: net::ERR_CONNECTION_REFUSED @ http://localhost:3000/@vite/client:1034
[ 2554591ms] [ERROR] WebSocket connection to 'ws://localhost:3000/' failed: Error in connection establishment: net::ERR_CONNECTION_REFUSED @ http://localhost:3000/@vite/client:1034
[ 2558883ms] [ERROR] WebSocket connection to 'ws://localhost:3000/' failed: Error in connection establishment: net::ERR_CONNECTION_REFUSED @ http://localhost:3000/@vite/client:1034
[ 2562582ms] [ERROR] WebSocket connection to 'ws://localhost:3000/' failed: Error in connection establishment: net::ERR_CONNECTION_REFUSED @ http://localhost:3000/@vite/client:1034
[ 2567933ms] [ERROR] WebSocket connection to 'ws://localhost:3000/' failed: Error in connection establishment: net::ERR_CONNECTION_REFUSED @ http://localhost:3000/@vite/client:1034
[ 2570614ms] [ERROR] WebSocket connection to 'ws://localhost:3000/' failed: Error in connection establishment: net::ERR_CONNECTION_REFUSED @ http://localhost:3000/@vite/client:1034
[ 2574715ms] [ERROR] WebSocket connection to 'ws://localhost:3000/' failed: Error in connection establishment: net::ERR_CONNECTION_REFUSED @ http://localhost:3000/@vite/client:1034
[ 2579171ms] [ERROR] WebSocket connection to 'ws://localhost:3000/' failed: Error in connection establishment: net::ERR_CONNECTION_REFUSED @ http://localhost:3000/@vite/client:1034
[ 2580101ms] [ERROR] Failed to load resource: net::ERR_CONNECTION_REFUSED @ http://localhost:8000/api/v1/overview/doctor:0
[ 2580101ms] [ERROR] Failed to load resource: net::ERR_CONNECTION_REFUSED @ http://localhost:8000/api/v1/overview/kpi:0
[ 2584805ms] [ERROR] WebSocket connection to 'ws://localhost:3000/' failed: Error in connection establishment: net::ERR_CONNECTION_REFUSED @ http://localhost:3000/@vite/client:1034
[ 2588884ms] [ERROR] WebSocket connection to 'ws://localhost:3000/' failed: Error in connection establishment: net::ERR_CONNECTION_REFUSED @ http://localhost:3000/@vite/client:1034
[ 2592951ms] [ERROR] WebSocket connection to 'ws://localhost:3000/' failed: Error in connection establishment: net::ERR_CONNECTION_REFUSED @ http://localhost:3000/@vite/client:1034
[ 2595521ms] [ERROR] WebSocket connection to 'ws://localhost:3000/' failed: Error in connection establishment: net::ERR_CONNECTION_REFUSED @ http://localhost:3000/@vite/client:1034
[ 2598170ms] [ERROR] WebSocket connection to 'ws://localhost:3000/' failed: Error in connection establishment: net::ERR_CONNECTION_REFUSED @ http://localhost:3000/@vite/client:1034
[ 2601837ms] [ERROR] WebSocket connection to 'ws://localhost:3000/' failed: Error in connection establishment: net::ERR_CONNECTION_REFUSED @ http://localhost:3000/@vite/client:1034
[ 2605794ms] [ERROR] WebSocket connection to 'ws://localhost:3000/' failed: Error in connection establishment: net::ERR_CONNECTION_REFUSED @ http://localhost:3000/@vite/client:1034
[ 2609083ms] [ERROR] WebSocket connection to 'ws://localhost:3000/' failed: Error in connection establishment: net::ERR_CONNECTION_REFUSED @ http://localhost:3000/@vite/client:1034
[ 2610100ms] [ERROR] Failed to load resource: net::ERR_CONNECTION_REFUSED @ http://localhost:8000/api/v1/overview/doctor:0
[ 2610101ms] [ERROR] Failed to load resource: net::ERR_CONNECTION_REFUSED @ http://localhost:8000/api/v1/overview/kpi:0
[ 2613506ms] [ERROR] WebSocket connection to 'ws://localhost:3000/' failed: Error in connection establishment: net::ERR_CONNECTION_REFUSED @ http://localhost:3000/@vite/client:1034
[ 2617124ms] [ERROR] WebSocket connection to 'ws://localhost:3000/' failed: Error in connection establishment: net::ERR_CONNECTION_REFUSED @ http://localhost:3000/@vite/client:1034
[ 2621808ms] [ERROR] WebSocket connection to 'ws://localhost:3000/' failed: Error in connection establishment: net::ERR_CONNECTION_REFUSED @ http://localhost:3000/@vite/client:1034
[ 2625446ms] [ERROR] WebSocket connection to 'ws://localhost:3000/' failed: Error in connection establishment: net::ERR_CONNECTION_REFUSED @ http://localhost:3000/@vite/client:1034
[ 2629969ms] [ERROR] WebSocket connection to 'ws://localhost:3000/' failed: Error in connection establishment: net::ERR_CONNECTION_REFUSED @ http://localhost:3000/@vite/client:1034
[ 2632138ms] [ERROR] WebSocket connection to 'ws://localhost:3000/' failed: Error in connection establishment: net::ERR_CONNECTION_REFUSED @ http://localhost:3000/@vite/client:1034
[ 2636690ms] [ERROR] WebSocket connection to 'ws://localhost:3000/' failed: Error in connection establishment: net::ERR_CONNECTION_REFUSED @ http://localhost:3000/@vite/client:1034
[ 2640101ms] [ERROR] Failed to load resource: net::ERR_CONNECTION_REFUSED @ http://localhost:8000/api/v1/overview/doctor:0
[ 2640101ms] [ERROR] Failed to load resource: net::ERR_CONNECTION_REFUSED @ http://localhost:8000/api/v1/overview/kpi:0
[ 2642658ms] [ERROR] WebSocket connection to 'ws://localhost:3000/' failed: Error in connection establishment: net::ERR_CONNECTION_REFUSED @ http://localhost:3000/@vite/client:1034
[ 2645780ms] [ERROR] WebSocket connection to 'ws://localhost:3000/' failed: Error in connection establishment: net::ERR_CONNECTION_REFUSED @ http://localhost:3000/@vite/client:1034
[ 2651691ms] [ERROR] WebSocket connection to 'ws://localhost:3000/' failed: Error in connection establishment: net::ERR_CONNECTION_REFUSED @ http://localhost:3000/@vite/client:1034
[ 2656205ms] [ERROR] WebSocket connection to 'ws://localhost:3000/' failed: Error in connection establishment: net::ERR_CONNECTION_REFUSED @ http://localhost:3000/@vite/client:1034
[ 2661152ms] [ERROR] WebSocket connection to 'ws://localhost:3000/' failed: Error in connection establishment: net::ERR_CONNECTION_REFUSED @ http://localhost:3000/@vite/client:1034
[ 2667002ms] [ERROR] WebSocket connection to 'ws://localhost:3000/' failed: Error in connection establishment: net::ERR_CONNECTION_REFUSED @ http://localhost:3000/@vite/client:1034
[ 2670101ms] [ERROR] Failed to load resource: net::ERR_CONNECTION_REFUSED @ http://localhost:8000/api/v1/overview/doctor:0
[ 2670101ms] [ERROR] Failed to load resource: net::ERR_CONNECTION_REFUSED @ http://localhost:8000/api/v1/overview/kpi:0
[ 2670191ms] [ERROR] WebSocket connection to 'ws://localhost:3000/' failed: Error in connection establishment: net::ERR_CONNECTION_REFUSED @ http://localhost:3000/@vite/client:1034
[ 2672704ms] [ERROR] WebSocket connection to 'ws://localhost:3000/' failed: Error in connection establishment: net::ERR_CONNECTION_REFUSED @ http://localhost:3000/@vite/client:1034
[ 2677720ms] [ERROR] WebSocket connection to 'ws://localhost:3000/' failed: Error in connection establishment: net::ERR_CONNECTION_REFUSED @ http://localhost:3000/@vite/client:1034
[ 2679859ms] [ERROR] WebSocket connection to 'ws://localhost:3000/' failed: Error in connection establishment: net::ERR_CONNECTION_REFUSED @ http://localhost:3000/@vite/client:1034
[ 2684812ms] [ERROR] WebSocket connection to 'ws://localhost:3000/' failed: Error in connection establishment: net::ERR_CONNECTION_REFUSED @ http://localhost:3000/@vite/client:1034
[ 2688929ms] [ERROR] WebSocket connection to 'ws://localhost:3000/' failed: Error in connection establishment: net::ERR_CONNECTION_REFUSED @ http://localhost:3000/@vite/client:1034
[ 2694310ms] [ERROR] WebSocket connection to 'ws://localhost:3000/' failed: Error in connection establishment: net::ERR_CONNECTION_REFUSED @ http://localhost:3000/@vite/client:1034
[ 2696450ms] [ERROR] WebSocket connection to 'ws://localhost:3000/' failed: Error in connection establishment: net::ERR_CONNECTION_REFUSED @ http://localhost:3000/@vite/client:1034
[ 2698492ms] [ERROR] WebSocket connection to 'ws://localhost:3000/' failed: Error in connection establishment: net::ERR_CONNECTION_REFUSED @ http://localhost:3000/@vite/client:1034
[ 2700100ms] [ERROR] Failed to load resource: net::ERR_CONNECTION_REFUSED @ http://localhost:8000/api/v1/overview/doctor:0
[ 2700100ms] [ERROR] Failed to load resource: net::ERR_CONNECTION_REFUSED @ http://localhost:8000/api/v1/overview/kpi:0
[ 2701835ms] [ERROR] WebSocket connection to 'ws://localhost:3000/' failed: Error in connection establishment: net::ERR_CONNECTION_REFUSED @ http://localhost:3000/@vite/client:1034
[ 2707194ms] [ERROR] WebSocket connection to 'ws://localhost:3000/' failed: Error in connection establishment: net::ERR_CONNECTION_REFUSED @ http://localhost:3000/@vite/client:1034
[ 2710470ms] [ERROR] WebSocket connection to 'ws://localhost:3000/' failed: Error in connection establishment: net::ERR_CONNECTION_REFUSED @ http://localhost:3000/@vite/client:1034
[ 2716115ms] [ERROR] WebSocket connection to 'ws://localhost:3000/' failed: Error in connection establishment: net::ERR_CONNECTION_REFUSED @ http://localhost:3000/@vite/client:1034
[ 2721386ms] [ERROR] WebSocket connection to 'ws://localhost:3000/' failed: Error in connection establishment: net::ERR_CONNECTION_REFUSED @ http://localhost:3000/@vite/client:1034
[ 2726580ms] [ERROR] WebSocket connection to 'ws://localhost:3000/' failed: Error in connection establishment: net::ERR_CONNECTION_REFUSED @ http://localhost:3000/@vite/client:1034
[ 2730101ms] [ERROR] Failed to load resource: net::ERR_CONNECTION_REFUSED @ http://localhost:8000/api/v1/overview/doctor:0
[ 2730101ms] [ERROR] Failed to load resource: net::ERR_CONNECTION_REFUSED @ http://localhost:8000/api/v1/overview/kpi:0
[ 2730151ms] [ERROR] WebSocket connection to 'ws://localhost:3000/' failed: Error in connection establishment: net::ERR_CONNECTION_REFUSED @ http://localhost:3000/@vite/client:1034
[ 2732355ms] [ERROR] WebSocket connection to 'ws://localhost:3000/' failed: Error in connection establishment: net::ERR_CONNECTION_REFUSED @ http://localhost:3000/@vite/client:1034
[ 2737634ms] [ERROR] WebSocket connection to 'ws://localhost:3000/' failed: Error in connection establishment: net::ERR_CONNECTION_REFUSED @ http://localhost:3000/@vite/client:1034
[ 2742009ms] [ERROR] WebSocket connection to 'ws://localhost:3000/' failed: Error in connection establishment: net::ERR_CONNECTION_REFUSED @ http://localhost:3000/@vite/client:1034
[ 2746281ms] [ERROR] WebSocket connection to 'ws://localhost:3000/' failed: Error in connection establishment: net::ERR_CONNECTION_REFUSED @ http://localhost:3000/@vite/client:1034
[ 2750039ms] [ERROR] WebSocket connection to 'ws://localhost:3000/' failed: Error in connection establishment: net::ERR_CONNECTION_REFUSED @ http://localhost:3000/@vite/client:1034
[ 2753927ms] [ERROR] WebSocket connection to 'ws://localhost:3000/' failed: Error in connection establishment: net::ERR_CONNECTION_REFUSED @ http://localhost:3000/@vite/client:1034
[ 2757797ms] [ERROR] WebSocket connection to 'ws://localhost:3000/' failed: Error in connection establishment: net::ERR_CONNECTION_REFUSED @ http://localhost:3000/@vite/client:1034
[ 2760101ms] [ERROR] Failed to load resource: net::ERR_CONNECTION_REFUSED @ http://localhost:8000/api/v1/overview/doctor:0
[ 2760101ms] [ERROR] Failed to load resource: net::ERR_CONNECTION_REFUSED @ http://localhost:8000/api/v1/overview/kpi:0
[ 2763463ms] [ERROR] WebSocket connection to 'ws://localhost:3000/' failed: Error in connection establishment: net::ERR_CONNECTION_REFUSED @ http://localhost:3000/@vite/client:1034
[ 2768741ms] [ERROR] WebSocket connection to 'ws://localhost:3000/' failed: Error in connection establishment: net::ERR_CONNECTION_REFUSED @ http://localhost:3000/@vite/client:1034
[ 2771302ms] [ERROR] WebSocket connection to 'ws://localhost:3000/' failed: Error in connection establishment: net::ERR_CONNECTION_REFUSED @ http://localhost:3000/@vite/client:1034
[ 2774419ms] [ERROR] WebSocket connection to 'ws://localhost:3000/' failed: Error in connection establishment: net::ERR_CONNECTION_REFUSED @ http://localhost:3000/@vite/client:1034
[ 2778488ms] [ERROR] WebSocket connection to 'ws://localhost:3000/' failed: Error in connection establishment: net::ERR_CONNECTION_REFUSED @ http://localhost:3000/@vite/client:1034
[ 2782835ms] [ERROR] WebSocket connection to 'ws://localhost:3000/' failed: Error in connection establishment: net::ERR_CONNECTION_REFUSED @ http://localhost:3000/@vite/client:1034
[ 2786279ms] [ERROR] WebSocket connection to 'ws://localhost:3000/' failed: Error in connection establishment: net::ERR_CONNECTION_REFUSED @ http://localhost:3000/@vite/client:1034
[ 2789838ms] [ERROR] WebSocket connection to 'ws://localhost:3000/' failed: Error in connection establishment: net::ERR_CONNECTION_REFUSED @ http://localhost:3000/@vite/client:1034
[ 2790101ms] [ERROR] Failed to load resource: net::ERR_CONNECTION_REFUSED @ http://localhost:8000/api/v1/overview/doctor:0
[ 2790101ms] [ERROR] Failed to load resource: net::ERR_CONNECTION_REFUSED @ http://localhost:8000/api/v1/overview/kpi:0
[ 2791961ms] [ERROR] WebSocket connection to 'ws://localhost:3000/' failed: Error in connection establishment: net::ERR_CONNECTION_REFUSED @ http://localhost:3000/@vite/client:1034
[ 2795219ms] [ERROR] WebSocket connection to 'ws://localhost:3000/' failed: Error in connection establishment: net::ERR_CONNECTION_REFUSED @ http://localhost:3000/@vite/client:1034
[ 2800883ms] [ERROR] WebSocket connection to 'ws://localhost:3000/' failed: Error in connection establishment: net::ERR_CONNECTION_REFUSED @ http://localhost:3000/@vite/client:1034
[ 2806591ms] [ERROR] WebSocket connection to 'ws://localhost:3000/' failed: Error in connection establishment: net::ERR_CONNECTION_REFUSED @ http://localhost:3000/@vite/client:1034
[ 2809406ms] [ERROR] WebSocket connection to 'ws://localhost:3000/' failed: Error in connection establishment: net::ERR_CONNECTION_REFUSED @ http://localhost:3000/@vite/client:1034
[ 2813156ms] [ERROR] WebSocket connection to 'ws://localhost:3000/' failed: Error in connection establishment: net::ERR_CONNECTION_REFUSED @ http://localhost:3000/@vite/client:1034
[ 2816219ms] [ERROR] WebSocket connection to 'ws://localhost:3000/' failed: Error in connection establishment: net::ERR_CONNECTION_REFUSED @ http://localhost:3000/@vite/client:1034
[ 2820101ms] [ERROR] Failed to load resource: net::ERR_CONNECTION_REFUSED @ http://localhost:8000/api/v1/overview/doctor:0
[ 2820101ms] [ERROR] Failed to load resource: net::ERR_CONNECTION_REFUSED @ http://localhost:8000/api/v1/overview/kpi:0
[ 2820353ms] [ERROR] WebSocket connection to 'ws://localhost:3000/' failed: Error in connection establishment: net::ERR_CONNECTION_REFUSED @ http://localhost:3000/@vite/client:1034
[ 2824120ms] [ERROR] WebSocket connection to 'ws://localhost:3000/' failed: Error in connection establishment: net::ERR_CONNECTION_REFUSED @ http://localhost:3000/@vite/client:1034
[ 2826876ms] [ERROR] WebSocket connection to 'ws://localhost:3000/' failed: Error in connection establishment: net::ERR_CONNECTION_REFUSED @ http://localhost:3000/@vite/client:1034
[ 2830895ms] [ERROR] WebSocket connection to 'ws://localhost:3000/' failed: Error in connection establishment: net::ERR_CONNECTION_REFUSED @ http://localhost:3000/@vite/client:1034
[ 2835120ms] [ERROR] WebSocket connection to 'ws://localhost:3000/' failed: Error in connection establishment: net::ERR_CONNECTION_REFUSED @ http://localhost:3000/@vite/client:1034
[ 2838213ms] [ERROR] WebSocket connection to 'ws://localhost:3000/' failed: Error in connection establishment: net::ERR_CONNECTION_REFUSED @ http://localhost:3000/@vite/client:1034
[ 2841581ms] [ERROR] WebSocket connection to 'ws://localhost:3000/' failed: Error in connection establishment: net::ERR_CONNECTION_REFUSED @ http://localhost:3000/@vite/client:1034
[ 2843975ms] [ERROR] WebSocket connection to 'ws://localhost:3000/' failed: Error in connection establishment: net::ERR_CONNECTION_REFUSED @ http://localhost:3000/@vite/client:1034
[ 2846643ms] [ERROR] WebSocket connection to 'ws://localhost:3000/' failed: Error in connection establishment: net::ERR_CONNECTION_REFUSED @ http://localhost:3000/@vite/client:1034
[ 2850101ms] [ERROR] Failed to load resource: net::ERR_CONNECTION_REFUSED @ http://localhost:8000/api/v1/overview/doctor:0
[ 2850101ms] [ERROR] Failed to load resource: net::ERR_CONNECTION_REFUSED @ http://localhost:8000/api/v1/overview/kpi:0
[ 2851163ms] [ERROR] WebSocket connection to 'ws://localhost:3000/' failed: Error in connection establishment: net::ERR_CONNECTION_REFUSED @ http://localhost:3000/@vite/client:1034
[ 2854979ms] [ERROR] WebSocket connection to 'ws://localhost:3000/' failed: Error in connection establishment: net::ERR_CONNECTION_REFUSED @ http://localhost:3000/@vite/client:1034
[ 2859733ms] [ERROR] WebSocket connection to 'ws://localhost:3000/' failed: Error in connection establishment: net::ERR_CONNECTION_REFUSED @ http://localhost:3000/@vite/client:1034
[ 2862213ms] [ERROR] WebSocket connection to 'ws://localhost:3000/' failed: Error in connection establishment: net::ERR_CONNECTION_REFUSED @ http://localhost:3000/@vite/client:1034
[ 2864990ms] [ERROR] WebSocket connection to 'ws://localhost:3000/' failed: Error in connection establishment: net::ERR_CONNECTION_REFUSED @ http://localhost:3000/@vite/client:1034
[ 2868933ms] [ERROR] WebSocket connection to 'ws://localhost:3000/' failed: Error in connection establishment: net::ERR_CONNECTION_REFUSED @ http://localhost:3000/@vite/client:1034
[ 2871436ms] [ERROR] WebSocket connection to 'ws://localhost:3000/' failed: Error in connection establishment: net::ERR_CONNECTION_REFUSED @ http://localhost:3000/@vite/client:1034
[ 2874413ms] [ERROR] WebSocket connection to 'ws://localhost:3000/' failed: Error in connection establishment: net::ERR_CONNECTION_REFUSED @ http://localhost:3000/@vite/client:1034
[ 2878659ms] [ERROR] WebSocket connection to 'ws://localhost:3000/' failed: Error in connection establishment: net::ERR_CONNECTION_REFUSED @ http://localhost:3000/@vite/client:1034
[ 2880100ms] [ERROR] Failed to load resource: net::ERR_CONNECTION_REFUSED @ http://localhost:8000/api/v1/overview/doctor:0
[ 2880101ms] [ERROR] Failed to load resource: net::ERR_CONNECTION_REFUSED @ http://localhost:8000/api/v1/overview/kpi:0
[ 2882481ms] [ERROR] WebSocket connection to 'ws://localhost:3000/' failed: Error in connection establishment: net::ERR_CONNECTION_REFUSED @ http://localhost:3000/@vite/client:1034
[ 2887682ms] [ERROR] WebSocket connection to 'ws://localhost:3000/' failed: Error in connection establishment: net::ERR_CONNECTION_REFUSED @ http://localhost:3000/@vite/client:1034
[ 2891670ms] [ERROR] WebSocket connection to 'ws://localhost:3000/' failed: Error in connection establishment: net::ERR_CONNECTION_REFUSED @ http://localhost:3000/@vite/client:1034
[ 2897553ms] [ERROR] WebSocket connection to 'ws://localhost:3000/' failed: Error in connection establishment: net::ERR_CONNECTION_REFUSED @ http://localhost:3000/@vite/client:1034
[ 2902685ms] [ERROR] WebSocket connection to 'ws://localhost:3000/' failed: Error in connection establishment: net::ERR_CONNECTION_REFUSED @ http://localhost:3000/@vite/client:1034
[ 2905505ms] [ERROR] WebSocket connection to 'ws://localhost:3000/' failed: Error in connection establishment: net::ERR_CONNECTION_REFUSED @ http://localhost:3000/@vite/client:1034
[ 2909648ms] [ERROR] WebSocket connection to 'ws://localhost:3000/' failed: Error in connection establishment: net::ERR_CONNECTION_REFUSED @ http://localhost:3000/@vite/client:1034
[ 2910101ms] [ERROR] Failed to load resource: net::ERR_CONNECTION_REFUSED @ http://localhost:8000/api/v1/overview/doctor:0
[ 2910101ms] [ERROR] Failed to load resource: net::ERR_CONNECTION_REFUSED @ http://localhost:8000/api/v1/overview/kpi:0
[ 2913053ms] [ERROR] WebSocket connection to 'ws://localhost:3000/' failed: Error in connection establishment: net::ERR_CONNECTION_REFUSED @ http://localhost:3000/@vite/client:1034
[ 2918956ms] [ERROR] WebSocket connection to 'ws://localhost:3000/' failed: Error in connection establishment: net::ERR_CONNECTION_REFUSED @ http://localhost:3000/@vite/client:1034
[ 2921079ms] [ERROR] WebSocket connection to 'ws://localhost:3000/' failed: Error in connection establishment: net::ERR_CONNECTION_REFUSED @ http://localhost:3000/@vite/client:1034
[ 2924240ms] [ERROR] WebSocket connection to 'ws://localhost:3000/' failed: Error in connection establishment: net::ERR_CONNECTION_REFUSED @ http://localhost:3000/@vite/client:1034
[ 2926524ms] [ERROR] WebSocket connection to 'ws://localhost:3000/' failed: Error in connection establishment: net::ERR_CONNECTION_REFUSED @ http://localhost:3000/@vite/client:1034
[ 2929482ms] [ERROR] WebSocket connection to 'ws://localhost:3000/' failed: Error in connection establishment: net::ERR_CONNECTION_REFUSED @ http://localhost:3000/@vite/client:1034
[ 2934678ms] [ERROR] WebSocket connection to 'ws://localhost:3000/' failed: Error in connection establishment: net::ERR_CONNECTION_REFUSED @ http://localhost:3000/@vite/client:1034
[ 2939590ms] [ERROR] WebSocket connection to 'ws://localhost:3000/' failed: Error in connection establishment: net::ERR_CONNECTION_REFUSED @ http://localhost:3000/@vite/client:1034
[ 2940100ms] [ERROR] Failed to load resource: net::ERR_CONNECTION_REFUSED @ http://localhost:8000/api/v1/overview/doctor:0
[ 2940100ms] [ERROR] Failed to load resource: net::ERR_CONNECTION_REFUSED @ http://localhost:8000/api/v1/overview/kpi:0
[ 2942467ms] [ERROR] WebSocket connection to 'ws://localhost:3000/' failed: Error in connection establishment: net::ERR_CONNECTION_REFUSED @ http://localhost:3000/@vite/client:1034
[ 2944967ms] [ERROR] WebSocket connection to 'ws://localhost:3000/' failed: Error in connection establishment: net::ERR_CONNECTION_REFUSED @ http://localhost:3000/@vite/client:1034
[ 2950488ms] [ERROR] WebSocket connection to 'ws://localhost:3000/' failed: Error in connection establishment: net::ERR_CONNECTION_REFUSED @ http://localhost:3000/@vite/client:1034
[ 2955419ms] [ERROR] WebSocket connection to 'ws://localhost:3000/' failed: Error in connection establishment: net::ERR_CONNECTION_REFUSED @ http://localhost:3000/@vite/client:1034
[ 2960324ms] [ERROR] WebSocket connection to 'ws://localhost:3000/' failed: Error in connection establishment: net::ERR_CONNECTION_REFUSED @ http://localhost:3000/@vite/client:1034
[ 2964498ms] [ERROR] WebSocket connection to 'ws://localhost:3000/' failed: Error in connection establishment: net::ERR_CONNECTION_REFUSED @ http://localhost:3000/@vite/client:1034
[ 2968612ms] [ERROR] WebSocket connection to 'ws://localhost:3000/' failed: Error in connection establishment: net::ERR_CONNECTION_REFUSED @ http://localhost:3000/@vite/client:1034
[ 2970101ms] [ERROR] Failed to load resource: net::ERR_CONNECTION_REFUSED @ http://localhost:8000/api/v1/overview/doctor:0
[ 2970101ms] [ERROR] Failed to load resource: net::ERR_CONNECTION_REFUSED @ http://localhost:8000/api/v1/overview/kpi:0
[ 2970813ms] [ERROR] WebSocket connection to 'ws://localhost:3000/' failed: Error in connection establishment: net::ERR_CONNECTION_REFUSED @ http://localhost:3000/@vite/client:1034
[ 2975190ms] [ERROR] WebSocket connection to 'ws://localhost:3000/' failed: Error in connection establishment: net::ERR_CONNECTION_REFUSED @ http://localhost:3000/@vite/client:1034
[ 2980228ms] [ERROR] WebSocket connection to 'ws://localhost:3000/' failed: Error in connection establishment: net::ERR_CONNECTION_REFUSED @ http://localhost:3000/@vite/client:1034
[ 2983028ms] [ERROR] WebSocket connection to 'ws://localhost:3000/' failed: Error in connection establishment: net::ERR_CONNECTION_REFUSED @ http://localhost:3000/@vite/client:1034
[ 2987143ms] [ERROR] WebSocket connection to 'ws://localhost:3000/' failed: Error in connection establishment: net::ERR_CONNECTION_REFUSED @ http://localhost:3000/@vite/client:1034
[ 2991656ms] [ERROR] WebSocket connection to 'ws://localhost:3000/' failed: Error in connection establishment: net::ERR_CONNECTION_REFUSED @ http://localhost:3000/@vite/client:1034
[ 2995587ms] [ERROR] WebSocket connection to 'ws://localhost:3000/' failed: Error in connection establishment: net::ERR_CONNECTION_REFUSED @ http://localhost:3000/@vite/client:1034
[ 3000101ms] [ERROR] Failed to load resource: net::ERR_CONNECTION_REFUSED @ http://localhost:8000/api/v1/overview/doctor:0
[ 3000101ms] [ERROR] Failed to load resource: net::ERR_CONNECTION_REFUSED @ http://localhost:8000/api/v1/overview/kpi:0
[ 3001347ms] [ERROR] WebSocket connection to 'ws://localhost:3000/' failed: Error in connection establishment: net::ERR_CONNECTION_REFUSED @ http://localhost:3000/@vite/client:1034
[ 3003963ms] [ERROR] WebSocket connection to 'ws://localhost:3000/' failed: Error in connection establishment: net::ERR_CONNECTION_REFUSED @ http://localhost:3000/@vite/client:1034
[ 3006783ms] [ERROR] WebSocket connection to 'ws://localhost:3000/' failed: Error in connection establishment: net::ERR_CONNECTION_REFUSED @ http://localhost:3000/@vite/client:1034
[ 3012454ms] [ERROR] WebSocket connection to 'ws://localhost:3000/' failed: Error in connection establishment: net::ERR_CONNECTION_REFUSED @ http://localhost:3000/@vite/client:1034
[ 3017336ms] [ERROR] WebSocket connection to 'ws://localhost:3000/' failed: Error in connection establishment: net::ERR_CONNECTION_REFUSED @ http://localhost:3000/@vite/client:1034
[ 3020860ms] [ERROR] WebSocket connection to 'ws://localhost:3000/' failed: Error in connection establishment: net::ERR_CONNECTION_REFUSED @ http://localhost:3000/@vite/client:1034
[ 3025269ms] [ERROR] WebSocket connection to 'ws://localhost:3000/' failed: Error in connection establishment: net::ERR_CONNECTION_REFUSED @ http://localhost:3000/@vite/client:1034
[ 3028590ms] [ERROR] WebSocket connection to 'ws://localhost:3000/' failed: Error in connection establishment: net::ERR_CONNECTION_REFUSED @ http://localhost:3000/@vite/client:1034
[ 3030101ms] [ERROR] Failed to load resource: net::ERR_CONNECTION_REFUSED @ http://localhost:8000/api/v1/overview/doctor:0
[ 3030101ms] [ERROR] Failed to load resource: net::ERR_CONNECTION_REFUSED @ http://localhost:8000/api/v1/overview/kpi:0
[ 3032314ms] [ERROR] WebSocket connection to 'ws://localhost:3000/' failed: Error in connection establishment: net::ERR_CONNECTION_REFUSED @ http://localhost:3000/@vite/client:1034
[ 3036036ms] [ERROR] WebSocket connection to 'ws://localhost:3000/' failed: Error in connection establishment: net::ERR_CONNECTION_REFUSED @ http://localhost:3000/@vite/client:1034
[ 3042003ms] [ERROR] WebSocket connection to 'ws://localhost:3000/' failed: Error in connection establishment: net::ERR_CONNECTION_REFUSED @ http://localhost:3000/@vite/client:1034
[ 3045683ms] [ERROR] WebSocket connection to 'ws://localhost:3000/' failed: Error in connection establishment: net::ERR_CONNECTION_REFUSED @ http://localhost:3000/@vite/client:1034
[ 3049780ms] [ERROR] WebSocket connection to 'ws://localhost:3000/' failed: Error in connection establishment: net::ERR_CONNECTION_REFUSED @ http://localhost:3000/@vite/client:1034
[ 3055482ms] [ERROR] WebSocket connection to 'ws://localhost:3000/' failed: Error in connection establishment: net::ERR_CONNECTION_REFUSED @ http://localhost:3000/@vite/client:1034
[ 3058317ms] [ERROR] WebSocket connection to 'ws://localhost:3000/' failed: Error in connection establishment: net::ERR_CONNECTION_REFUSED @ http://localhost:3000/@vite/client:1034
[ 3060101ms] [ERROR] Failed to load resource: net::ERR_CONNECTION_REFUSED @ http://localhost:8000/api/v1/overview/doctor:0
[ 3060101ms] [ERROR] Failed to load resource: net::ERR_CONNECTION_REFUSED @ http://localhost:8000/api/v1/overview/kpi:0
[ 3061308ms] [ERROR] WebSocket connection to 'ws://localhost:3000/' failed: Error in connection establishment: net::ERR_CONNECTION_REFUSED @ http://localhost:3000/@vite/client:1034
[ 3064933ms] [ERROR] WebSocket connection to 'ws://localhost:3000/' failed: Error in connection establishment: net::ERR_CONNECTION_REFUSED @ http://localhost:3000/@vite/client:1034
[ 3068146ms] [ERROR] WebSocket connection to 'ws://localhost:3000/' failed: Error in connection establishment: net::ERR_CONNECTION_REFUSED @ http://localhost:3000/@vite/client:1034
[ 3072903ms] [ERROR] WebSocket connection to 'ws://localhost:3000/' failed: Error in connection establishment: net::ERR_CONNECTION_REFUSED @ http://localhost:3000/@vite/client:1034
[ 3076582ms] [ERROR] WebSocket connection to 'ws://localhost:3000/' failed: Error in connection establishment: net::ERR_CONNECTION_REFUSED @ http://localhost:3000/@vite/client:1034
[ 3081970ms] [ERROR] WebSocket connection to 'ws://localhost:3000/' failed: Error in connection establishment: net::ERR_CONNECTION_REFUSED @ http://localhost:3000/@vite/client:1034
[ 3087590ms] [ERROR] WebSocket connection to 'ws://localhost:3000/' failed: Error in connection establishment: net::ERR_CONNECTION_REFUSED @ http://localhost:3000/@vite/client:1034
[ 3090101ms] [ERROR] Failed to load resource: net::ERR_CONNECTION_REFUSED @ http://localhost:8000/api/v1/overview/doctor:0
[ 3090101ms] [ERROR] Failed to load resource: net::ERR_CONNECTION_REFUSED @ http://localhost:8000/api/v1/overview/kpi:0
[ 3092563ms] [ERROR] WebSocket connection to 'ws://localhost:3000/' failed: Error in connection establishment: net::ERR_CONNECTION_REFUSED @ http://localhost:3000/@vite/client:1034
[ 3098289ms] [ERROR] WebSocket connection to 'ws://localhost:3000/' failed: Error in connection establishment: net::ERR_CONNECTION_REFUSED @ http://localhost:3000/@vite/client:1034
[ 3102796ms] [ERROR] WebSocket connection to 'ws://localhost:3000/' failed: Error in connection establishment: net::ERR_CONNECTION_REFUSED @ http://localhost:3000/@vite/client:1034
[ 3106526ms] [ERROR] WebSocket connection to 'ws://localhost:3000/' failed: Error in connection establishment: net::ERR_CONNECTION_REFUSED @ http://localhost:3000/@vite/client:1034
[ 3111394ms] [ERROR] WebSocket connection to 'ws://localhost:3000/' failed: Error in connection establishment: net::ERR_CONNECTION_REFUSED @ http://localhost:3000/@vite/client:1034
[ 3116428ms] [ERROR] WebSocket connection to 'ws://localhost:3000/' failed: Error in connection establishment: net::ERR_CONNECTION_REFUSED @ http://localhost:3000/@vite/client:1034
[ 3119655ms] [ERROR] WebSocket connection to 'ws://localhost:3000/' failed: Error in connection establishment: net::ERR_CONNECTION_REFUSED @ http://localhost:3000/@vite/client:1034
[ 3120101ms] [ERROR] Failed to load resource: net::ERR_CONNECTION_REFUSED @ http://localhost:8000/api/v1/overview/doctor:0
[ 3120101ms] [ERROR] Failed to load resource: net::ERR_CONNECTION_REFUSED @ http://localhost:8000/api/v1/overview/kpi:0
[ 3122584ms] [ERROR] WebSocket connection to 'ws://localhost:3000/' failed: Error in connection establishment: net::ERR_CONNECTION_REFUSED @ http://localhost:3000/@vite/client:1034
[ 3125762ms] [ERROR] WebSocket connection to 'ws://localhost:3000/' failed: Error in connection establishment: net::ERR_CONNECTION_REFUSED @ http://localhost:3000/@vite/client:1034
[ 3130506ms] [ERROR] WebSocket connection to 'ws://localhost:3000/' failed: Error in connection establishment: net::ERR_CONNECTION_REFUSED @ http://localhost:3000/@vite/client:1034
[ 3134132ms] [ERROR] WebSocket connection to 'ws://localhost:3000/' failed: Error in connection establishment: net::ERR_CONNECTION_REFUSED @ http://localhost:3000/@vite/client:1034
[ 3139451ms] [ERROR] WebSocket connection to 'ws://localhost:3000/' failed: Error in connection establishment: net::ERR_CONNECTION_REFUSED @ http://localhost:3000/@vite/client:1034
[ 3142168ms] [ERROR] WebSocket connection to 'ws://localhost:3000/' failed: Error in connection establishment: net::ERR_CONNECTION_REFUSED @ http://localhost:3000/@vite/client:1034
[ 3144948ms] [ERROR] WebSocket connection to 'ws://localhost:3000/' failed: Error in connection establishment: net::ERR_CONNECTION_REFUSED @ http://localhost:3000/@vite/client:1034
[ 3148516ms] [ERROR] WebSocket connection to 'ws://localhost:3000/' failed: Error in connection establishment: net::ERR_CONNECTION_REFUSED @ http://localhost:3000/@vite/client:1034
[ 3150108ms] [ERROR] Failed to load resource: net::ERR_CONNECTION_REFUSED @ http://localhost:8000/api/v1/overview/doctor:0
[ 3150108ms] [ERROR] Failed to load resource: net::ERR_CONNECTION_REFUSED @ http://localhost:8000/api/v1/overview/kpi:0
[ 3152100ms] [ERROR] WebSocket connection to 'ws://localhost:3000/' failed: Error in connection establishment: net::ERR_CONNECTION_REFUSED @ http://localhost:3000/@vite/client:1034
[ 3154896ms] [ERROR] WebSocket connection to 'ws://localhost:3000/' failed: Error in connection establishment: net::ERR_CONNECTION_REFUSED @ http://localhost:3000/@vite/client:1034
[ 3157456ms] [ERROR] WebSocket connection to 'ws://localhost:3000/' failed: Error in connection establishment: net::ERR_CONNECTION_REFUSED @ http://localhost:3000/@vite/client:1034
[ 3161854ms] [ERROR] WebSocket connection to 'ws://localhost:3000/' failed: Error in connection establishment: net::ERR_CONNECTION_REFUSED @ http://localhost:3000/@vite/client:1034
[ 3166721ms] [ERROR] WebSocket connection to 'ws://localhost:3000/' failed: Error in connection establishment: net::ERR_CONNECTION_REFUSED @ http://localhost:3000/@vite/client:1034
[ 3169162ms] [ERROR] WebSocket connection to 'ws://localhost:3000/' failed: Error in connection establishment: net::ERR_CONNECTION_REFUSED @ http://localhost:3000/@vite/client:1034
[ 3172819ms] [ERROR] WebSocket connection to 'ws://localhost:3000/' failed: Error in connection establishment: net::ERR_CONNECTION_REFUSED @ http://localhost:3000/@vite/client:1034
[ 3173820ms] [ERROR] WebSocket connection to 'ws://localhost:3000/' failed: Error in connection establishment: net::ERR_CONNECTION_REFUSED @ http://localhost:3000/@vite/client:1034
[ 3174822ms] [ERROR] WebSocket connection to 'ws://localhost:3000/' failed: Error in connection establishment: net::ERR_CONNECTION_REFUSED @ http://localhost:3000/@vite/client:1034
[ 3175823ms] [ERROR] WebSocket connection to 'ws://localhost:3000/' failed: Error in connection establishment: net::ERR_CONNECTION_REFUSED @ http://localhost:3000/@vite/client:1034
[ 3176825ms] [ERROR] WebSocket connection to 'ws://localhost:3000/' failed: Error in connection establishment: net::ERR_CONNECTION_REFUSED @ http://localhost:3000/@vite/client:1034
[ 3177828ms] [ERROR] WebSocket connection to 'ws://localhost:3000/' failed: Error in connection establishment: net::ERR_CONNECTION_REFUSED @ http://localhost:3000/@vite/client:1034
[ 3178830ms] [ERROR] WebSocket connection to 'ws://localhost:3000/' failed: Error in connection establishment: net::ERR_CONNECTION_REFUSED @ http://localhost:3000/@vite/client:1034
[ 3179840ms] [ERROR] WebSocket connection to 'ws://localhost:3000/' failed: Error in connection establishment: net::ERR_CONNECTION_REFUSED @ http://localhost:3000/@vite/client:1034
[ 3180101ms] [ERROR] Failed to load resource: net::ERR_CONNECTION_REFUSED @ http://localhost:8000/api/v1/overview/doctor:0
[ 3180101ms] [ERROR] Failed to load resource: net::ERR_CONNECTION_REFUSED @ http://localhost:8000/api/v1/overview/kpi:0
[ 3180852ms] [ERROR] WebSocket connection to 'ws://localhost:3000/' failed: Error in connection establishment: net::ERR_CONNECTION_REFUSED @ http://localhost:3000/@vite/client:1034
[ 3181869ms] [ERROR] WebSocket connection to 'ws://localhost:3000/' failed: Error in connection establishment: net::ERR_CONNECTION_REFUSED @ http://localhost:3000/@vite/client:1034
[ 3182900ms] [ERROR] WebSocket connection to 'ws://localhost:3000/' failed: Error in connection establishment: net::ERR_CONNECTION_REFUSED @ http://localhost:3000/@vite/client:1034
[ 3183991ms] [ERROR] WebSocket connection to 'ws://localhost:3000/' failed: Error in connection establishment: net::ERR_CONNECTION_REFUSED @ http://localhost:3000/@vite/client:1034
[ 3185226ms] [ERROR] WebSocket connection to 'ws://localhost:3000/' failed: Error in connection establishment: net::ERR_CONNECTION_REFUSED @ http://localhost:3000/@vite/client:1034
[ 3186537ms] [ERROR] WebSocket connection to 'ws://localhost:3000/' failed: Error in connection establishment: net::ERR_CONNECTION_REFUSED @ http://localhost:3000/@vite/client:1034
[ 3188038ms] [ERROR] WebSocket connection to 'ws://localhost:3000/' failed: Error in connection establishment: net::ERR_CONNECTION_REFUSED @ http://localhost:3000/@vite/client:1034
[ 3190423ms] [ERROR] WebSocket connection to 'ws://localhost:3000/' failed: Error in connection establishment: net::ERR_CONNECTION_REFUSED @ http://localhost:3000/@vite/client:1034
[ 3195121ms] [ERROR] WebSocket connection to 'ws://localhost:3000/' failed: Error in connection establishment: net::ERR_CONNECTION_REFUSED @ http://localhost:3000/@vite/client:1034
[ 3199991ms] [ERROR] WebSocket connection to 'ws://localhost:3000/' failed: Error in connection establishment: net::ERR_CONNECTION_REFUSED @ http://localhost:3000/@vite/client:1034
[ 3203583ms] [ERROR] WebSocket connection to 'ws://localhost:3000/' failed: Error in connection establishment: net::ERR_CONNECTION_REFUSED @ http://localhost:3000/@vite/client:1034
[ 3208844ms] [ERROR] WebSocket connection to 'ws://localhost:3000/' failed: Error in connection establishment: net::ERR_CONNECTION_REFUSED @ http://localhost:3000/@vite/client:1034
[ 3210101ms] [ERROR] Failed to load resource: net::ERR_CONNECTION_REFUSED @ http://localhost:8000/api/v1/overview/doctor:0
[ 3210101ms] [ERROR] Failed to load resource: net::ERR_CONNECTION_REFUSED @ http://localhost:8000/api/v1/overview/kpi:0
[ 3214048ms] [ERROR] WebSocket connection to 'ws://localhost:3000/' failed: Error in connection establishment: net::ERR_CONNECTION_REFUSED @ http://localhost:3000/@vite/client:1034
[ 3217373ms] [ERROR] WebSocket connection to 'ws://localhost:3000/' failed: Error in connection establishment: net::ERR_CONNECTION_REFUSED @ http://localhost:3000/@vite/client:1034
[ 3221729ms] [ERROR] WebSocket connection to 'ws://localhost:3000/' failed: Error in connection establishment: net::ERR_CONNECTION_REFUSED @ http://localhost:3000/@vite/client:1034
[ 3227435ms] [ERROR] WebSocket connection to 'ws://localhost:3000/' failed: Error in connection establishment: net::ERR_CONNECTION_REFUSED @ http://localhost:3000/@vite/client:1034
[ 3230983ms] [ERROR] WebSocket connection to 'ws://localhost:3000/' failed: Error in connection establishment: net::ERR_CONNECTION_REFUSED @ http://localhost:3000/@vite/client:1034
[ 3233786ms] [ERROR] WebSocket connection to 'ws://localhost:3000/' failed: Error in connection establishment: net::ERR_CONNECTION_REFUSED @ http://localhost:3000/@vite/client:1034
[ 3238604ms] [ERROR] WebSocket connection to 'ws://localhost:3000/' failed: Error in connection establishment: net::ERR_CONNECTION_REFUSED @ http://localhost:3000/@vite/client:1034
[ 3240101ms] [ERROR] Failed to load resource: net::ERR_CONNECTION_REFUSED @ http://localhost:8000/api/v1/overview/doctor:0
[ 3240101ms] [ERROR] Failed to load resource: net::ERR_CONNECTION_REFUSED @ http://localhost:8000/api/v1/overview/kpi:0
[ 3242602ms] [ERROR] WebSocket connection to 'ws://localhost:3000/' failed: Error in connection establishment: net::ERR_CONNECTION_REFUSED @ http://localhost:3000/@vite/client:1034
[ 3244731ms] [ERROR] WebSocket connection to 'ws://localhost:3000/' failed: Error in connection establishment: net::ERR_CONNECTION_REFUSED @ http://localhost:3000/@vite/client:1034
[ 3248142ms] [ERROR] WebSocket connection to 'ws://localhost:3000/' failed: Error in connection establishment: net::ERR_CONNECTION_REFUSED @ http://localhost:3000/@vite/client:1034
[ 3253439ms] [ERROR] WebSocket connection to 'ws://localhost:3000/' failed: Error in connection establishment: net::ERR_CONNECTION_REFUSED @ http://localhost:3000/@vite/client:1034
[ 3256644ms] [ERROR] WebSocket connection to 'ws://localhost:3000/' failed: Error in connection establishment: net::ERR_CONNECTION_REFUSED @ http://localhost:3000/@vite/client:1034
[ 3261774ms] [ERROR] WebSocket connection to 'ws://localhost:3000/' failed: Error in connection establishment: net::ERR_CONNECTION_REFUSED @ http://localhost:3000/@vite/client:1034
[ 3264307ms] [ERROR] WebSocket connection to 'ws://localhost:3000/' failed: Error in connection establishment: net::ERR_CONNECTION_REFUSED @ http://localhost:3000/@vite/client:1034
[ 3267160ms] [ERROR] WebSocket connection to 'ws://localhost:3000/' failed: Error in connection establishment: net::ERR_CONNECTION_REFUSED @ http://localhost:3000/@vite/client:1034
[ 3270101ms] [ERROR] Failed to load resource: net::ERR_CONNECTION_REFUSED @ http://localhost:8000/api/v1/overview/doctor:0
[ 3270101ms] [ERROR] Failed to load resource: net::ERR_CONNECTION_REFUSED @ http://localhost:8000/api/v1/overview/kpi:0
[ 3270826ms] [ERROR] WebSocket connection to 'ws://localhost:3000/' failed: Error in connection establishment: net::ERR_CONNECTION_REFUSED @ http://localhost:3000/@vite/client:1034
[ 3275247ms] [ERROR] WebSocket connection to 'ws://localhost:3000/' failed: Error in connection establishment: net::ERR_CONNECTION_REFUSED @ http://localhost:3000/@vite/client:1034
[ 3278789ms] [ERROR] WebSocket connection to 'ws://localhost:3000/' failed: Error in connection establishment: net::ERR_CONNECTION_REFUSED @ http://localhost:3000/@vite/client:1034
[ 3280957ms] [ERROR] WebSocket connection to 'ws://localhost:3000/' failed: Error in connection establishment: net::ERR_CONNECTION_REFUSED @ http://localhost:3000/@vite/client:1034
[ 3285722ms] [ERROR] WebSocket connection to 'ws://localhost:3000/' failed: Error in connection establishment: net::ERR_CONNECTION_REFUSED @ http://localhost:3000/@vite/client:1034
[ 3289636ms] [ERROR] WebSocket connection to 'ws://localhost:3000/' failed: Error in connection establishment: net::ERR_CONNECTION_REFUSED @ http://localhost:3000/@vite/client:1034
[ 3293554ms] [ERROR] WebSocket connection to 'ws://localhost:3000/' failed: Error in connection establishment: net::ERR_CONNECTION_REFUSED @ http://localhost:3000/@vite/client:1034
[ 3294556ms] [ERROR] WebSocket connection to 'ws://localhost:3000/' failed: Error in connection establishment: net::ERR_CONNECTION_REFUSED @ http://localhost:3000/@vite/client:1034
[ 3295557ms] [ERROR] WebSocket connection to 'ws://localhost:3000/' failed: Error in connection establishment: net::ERR_CONNECTION_REFUSED @ http://localhost:3000/@vite/client:1034
[ 3296558ms] [ERROR] WebSocket connection to 'ws://localhost:3000/' failed: Error in connection establishment: net::ERR_CONNECTION_REFUSED @ http://localhost:3000/@vite/client:1034
[ 3297560ms] [ERROR] WebSocket connection to 'ws://localhost:3000/' failed: Error in connection establishment: net::ERR_CONNECTION_REFUSED @ http://localhost:3000/@vite/client:1034
[ 3298561ms] [ERROR] WebSocket connection to 'ws://localhost:3000/' failed: Error in connection establishment: net::ERR_CONNECTION_REFUSED @ http://localhost:3000/@vite/client:1034
[ 3299566ms] [ERROR] WebSocket connection to 'ws://localhost:3000/' failed: Error in connection establishment: net::ERR_CONNECTION_REFUSED @ http://localhost:3000/@vite/client:1034
[ 3300100ms] [ERROR] Failed to load resource: net::ERR_CONNECTION_REFUSED @ http://localhost:8000/api/v1/overview/doctor:0
[ 3300101ms] [ERROR] Failed to load resource: net::ERR_CONNECTION_REFUSED @ http://localhost:8000/api/v1/overview/kpi:0
[ 3300574ms] [ERROR] WebSocket connection to 'ws://localhost:3000/' failed: Error in connection establishment: net::ERR_CONNECTION_REFUSED @ http://localhost:3000/@vite/client:1034
[ 3301593ms] [ERROR] WebSocket connection to 'ws://localhost:3000/' failed: Error in connection establishment: net::ERR_CONNECTION_REFUSED @ http://localhost:3000/@vite/client:1034
[ 3302614ms] [ERROR] WebSocket connection to 'ws://localhost:3000/' failed: Error in connection establishment: net::ERR_CONNECTION_REFUSED @ http://localhost:3000/@vite/client:1034
[ 3303648ms] [ERROR] WebSocket connection to 'ws://localhost:3000/' failed: Error in connection establishment: net::ERR_CONNECTION_REFUSED @ http://localhost:3000/@vite/client:1034
[ 3304787ms] [ERROR] WebSocket connection to 'ws://localhost:3000/' failed: Error in connection establishment: net::ERR_CONNECTION_REFUSED @ http://localhost:3000/@vite/client:1034
[ 3305976ms] [ERROR] WebSocket connection to 'ws://localhost:3000/' failed: Error in connection establishment: net::ERR_CONNECTION_REFUSED @ http://localhost:3000/@vite/client:1034
[ 3307359ms] [ERROR] WebSocket connection to 'ws://localhost:3000/' failed: Error in connection establishment: net::ERR_CONNECTION_REFUSED @ http://localhost:3000/@vite/client:1034
[ 3309261ms] [ERROR] WebSocket connection to 'ws://localhost:3000/' failed: Error in connection establishment: net::ERR_CONNECTION_REFUSED @ http://localhost:3000/@vite/client:1034
[ 3311770ms] [ERROR] WebSocket connection to 'ws://localhost:3000/' failed: Error in connection establishment: net::ERR_CONNECTION_REFUSED @ http://localhost:3000/@vite/client:1034
[ 3315652ms] [ERROR] WebSocket connection to 'ws://localhost:3000/' failed: Error in connection establishment: net::ERR_CONNECTION_REFUSED @ http://localhost:3000/@vite/client:1034
[ 3321322ms] [ERROR] WebSocket connection to 'ws://localhost:3000/' failed: Error in connection establishment: net::ERR_CONNECTION_REFUSED @ http://localhost:3000/@vite/client:1034
[ 3324845ms] [ERROR] WebSocket connection to 'ws://localhost:3000/' failed: Error in connection establishment: net::ERR_CONNECTION_REFUSED @ http://localhost:3000/@vite/client:1034
[ 3329155ms] [ERROR] WebSocket connection to 'ws://localhost:3000/' failed: Error in connection establishment: net::ERR_CONNECTION_REFUSED @ http://localhost:3000/@vite/client:1034
[ 3330100ms] [ERROR] Failed to load resource: net::ERR_CONNECTION_REFUSED @ http://localhost:8000/api/v1/overview/doctor:0
[ 3330101ms] [ERROR] Failed to load resource: net::ERR_CONNECTION_REFUSED @ http://localhost:8000/api/v1/overview/kpi:0
[ 3332046ms] [ERROR] WebSocket connection to 'ws://localhost:3000/' failed: Error in connection establishment: net::ERR_CONNECTION_REFUSED @ http://localhost:3000/@vite/client:1034
[ 3336810ms] [ERROR] WebSocket connection to 'ws://localhost:3000/' failed: Error in connection establishment: net::ERR_CONNECTION_REFUSED @ http://localhost:3000/@vite/client:1034
[ 3342555ms] [ERROR] WebSocket connection to 'ws://localhost:3000/' failed: Error in connection establishment: net::ERR_CONNECTION_REFUSED @ http://localhost:3000/@vite/client:1034
[ 3347293ms] [ERROR] WebSocket connection to 'ws://localhost:3000/' failed: Error in connection establishment: net::ERR_CONNECTION_REFUSED @ http://localhost:3000/@vite/client:1034
[ 3353122ms] [ERROR] WebSocket connection to 'ws://localhost:3000/' failed: Error in connection establishment: net::ERR_CONNECTION_REFUSED @ http://localhost:3000/@vite/client:1034
[ 3356736ms] [ERROR] WebSocket connection to 'ws://localhost:3000/' failed: Error in connection establishment: net::ERR_CONNECTION_REFUSED @ http://localhost:3000/@vite/client:1034
[ 3360101ms] [ERROR] Failed to load resource: net::ERR_CONNECTION_REFUSED @ http://localhost:8000/api/v1/overview/doctor:0
[ 3360101ms] [ERROR] Failed to load resource: net::ERR_CONNECTION_REFUSED @ http://localhost:8000/api/v1/overview/kpi:0
[ 3361708ms] [ERROR] WebSocket connection to 'ws://localhost:3000/' failed: Error in connection establishment: net::ERR_CONNECTION_REFUSED @ http://localhost:3000/@vite/client:1034
[ 3364285ms] [ERROR] WebSocket connection to 'ws://localhost:3000/' failed: Error in connection establishment: net::ERR_CONNECTION_REFUSED @ http://localhost:3000/@vite/client:1034
[ 3368808ms] [ERROR] WebSocket connection to 'ws://localhost:3000/' failed: Error in connection establishment: net::ERR_CONNECTION_REFUSED @ http://localhost:3000/@vite/client:1034
[ 3372335ms] [ERROR] WebSocket connection to 'ws://localhost:3000/' failed: Error in connection establishment: net::ERR_CONNECTION_REFUSED @ http://localhost:3000/@vite/client:1034
[ 3374566ms] [ERROR] WebSocket connection to 'ws://localhost:3000/' failed: Error in connection establishment: net::ERR_CONNECTION_REFUSED @ http://localhost:3000/@vite/client:1034
[ 3378971ms] [ERROR] WebSocket connection to 'ws://localhost:3000/' failed: Error in connection establishment: net::ERR_CONNECTION_REFUSED @ http://localhost:3000/@vite/client:1034
[ 3384929ms] [ERROR] WebSocket connection to 'ws://localhost:3000/' failed: Error in connection establishment: net::ERR_CONNECTION_REFUSED @ http://localhost:3000/@vite/client:1034
[ 3386959ms] [ERROR] WebSocket connection to 'ws://localhost:3000/' failed: Error in connection establishment: net::ERR_CONNECTION_REFUSED @ http://localhost:3000/@vite/client:1034
[ 3390101ms] [ERROR] Failed to load resource: net::ERR_CONNECTION_REFUSED @ http://localhost:8000/api/v1/overview/doctor:0
[ 3390101ms] [ERROR] Failed to load resource: net::ERR_CONNECTION_REFUSED @ http://localhost:8000/api/v1/overview/kpi:0
[ 3391784ms] [ERROR] WebSocket connection to 'ws://localhost:3000/' failed: Error in connection establishment: net::ERR_CONNECTION_REFUSED @ http://localhost:3000/@vite/client:1034
[ 3397702ms] [ERROR] WebSocket connection to 'ws://localhost:3000/' failed: Error in connection establishment: net::ERR_CONNECTION_REFUSED @ http://localhost:3000/@vite/client:1034
[ 3401514ms] [ERROR] WebSocket connection to 'ws://localhost:3000/' failed: Error in connection establishment: net::ERR_CONNECTION_REFUSED @ http://localhost:3000/@vite/client:1034
[ 3404827ms] [ERROR] WebSocket connection to 'ws://localhost:3000/' failed: Error in connection establishment: net::ERR_CONNECTION_REFUSED @ http://localhost:3000/@vite/client:1034
[ 3410277ms] [ERROR] WebSocket connection to 'ws://localhost:3000/' failed: Error in connection establishment: net::ERR_CONNECTION_REFUSED @ http://localhost:3000/@vite/client:1034
[ 3412721ms] [ERROR] WebSocket connection to 'ws://localhost:3000/' failed: Error in connection establishment: net::ERR_CONNECTION_REFUSED @ http://localhost:3000/@vite/client:1034
[ 3414799ms] [ERROR] WebSocket connection to 'ws://localhost:3000/' failed: Error in connection establishment: net::ERR_CONNECTION_REFUSED @ http://localhost:3000/@vite/client:1034
[ 3419477ms] [ERROR] WebSocket connection to 'ws://localhost:3000/' failed: Error in connection establishment: net::ERR_CONNECTION_REFUSED @ http://localhost:3000/@vite/client:1034
[ 3420101ms] [ERROR] Failed to load resource: net::ERR_CONNECTION_REFUSED @ http://localhost:8000/api/v1/overview/doctor:0
[ 3420101ms] [ERROR] Failed to load resource: net::ERR_CONNECTION_REFUSED @ http://localhost:8000/api/v1/overview/kpi:0
[ 3425390ms] [ERROR] WebSocket connection to 'ws://localhost:3000/' failed: Error in connection establishment: net::ERR_CONNECTION_REFUSED @ http://localhost:3000/@vite/client:1034
[ 3428777ms] [ERROR] WebSocket connection to 'ws://localhost:3000/' failed: Error in connection establishment: net::ERR_CONNECTION_REFUSED @ http://localhost:3000/@vite/client:1034
[ 3432832ms] [ERROR] WebSocket connection to 'ws://localhost:3000/' failed: Error in connection establishment: net::ERR_CONNECTION_REFUSED @ http://localhost:3000/@vite/client:1034
[ 3435765ms] [ERROR] WebSocket connection to 'ws://localhost:3000/' failed: Error in connection establishment: net::ERR_CONNECTION_REFUSED @ http://localhost:3000/@vite/client:1034
[ 3439454ms] [ERROR] WebSocket connection to 'ws://localhost:3000/' failed: Error in connection establishment: net::ERR_CONNECTION_REFUSED @ http://localhost:3000/@vite/client:1034
[ 3443481ms] [ERROR] WebSocket connection to 'ws://localhost:3000/' failed: Error in connection establishment: net::ERR_CONNECTION_REFUSED @ http://localhost:3000/@vite/client:1034
[ 3448671ms] [ERROR] WebSocket connection to 'ws://localhost:3000/' failed: Error in connection establishment: net::ERR_CONNECTION_REFUSED @ http://localhost:3000/@vite/client:1034
[ 3450102ms] [ERROR] Failed to load resource: net::ERR_CONNECTION_REFUSED @ http://localhost:8000/api/v1/overview/doctor:0
[ 3450102ms] [ERROR] Failed to load resource: net::ERR_CONNECTION_REFUSED @ http://localhost:8000/api/v1/overview/kpi:0
[ 3453511ms] [ERROR] WebSocket connection to 'ws://localhost:3000/' failed: Error in connection establishment: net::ERR_CONNECTION_REFUSED @ http://localhost:3000/@vite/client:1034
[ 3456045ms] [ERROR] WebSocket connection to 'ws://localhost:3000/' failed: Error in connection establishment: net::ERR_CONNECTION_REFUSED @ http://localhost:3000/@vite/client:1034
[ 3459867ms] [ERROR] WebSocket connection to 'ws://localhost:3000/' failed: Error in connection establishment: net::ERR_CONNECTION_REFUSED @ http://localhost:3000/@vite/client:1034
[ 3463378ms] [ERROR] WebSocket connection to 'ws://localhost:3000/' failed: Error in connection establishment: net::ERR_CONNECTION_REFUSED @ http://localhost:3000/@vite/client:1034
[ 3469231ms] [ERROR] WebSocket connection to 'ws://localhost:3000/' failed: Error in connection establishment: net::ERR_CONNECTION_REFUSED @ http://localhost:3000/@vite/client:1034
[ 3471408ms] [ERROR] WebSocket connection to 'ws://localhost:3000/' failed: Error in connection establishment: net::ERR_CONNECTION_REFUSED @ http://localhost:3000/@vite/client:1034
[ 3474061ms] [ERROR] WebSocket connection to 'ws://localhost:3000/' failed: Error in connection establishment: net::ERR_CONNECTION_REFUSED @ http://localhost:3000/@vite/client:1034
[ 3477258ms] [ERROR] WebSocket connection to 'ws://localhost:3000/' failed: Error in connection establishment: net::ERR_CONNECTION_REFUSED @ http://localhost:3000/@vite/client:1034
[ 3480101ms] [ERROR] Failed to load resource: net::ERR_CONNECTION_REFUSED @ http://localhost:8000/api/v1/overview/doctor:0
[ 3480101ms] [ERROR] Failed to load resource: net::ERR_CONNECTION_REFUSED @ http://localhost:8000/api/v1/overview/kpi:0
[ 3482765ms] [ERROR] WebSocket connection to 'ws://localhost:3000/' failed: Error in connection establishment: net::ERR_CONNECTION_REFUSED @ http://localhost:3000/@vite/client:1034
[ 3488551ms] [ERROR] WebSocket connection to 'ws://localhost:3000/' failed: Error in connection establishment: net::ERR_CONNECTION_REFUSED @ http://localhost:3000/@vite/client:1034
[ 3493318ms] [ERROR] WebSocket connection to 'ws://localhost:3000/' failed: Error in connection establishment: net::ERR_CONNECTION_REFUSED @ http://localhost:3000/@vite/client:1034
[ 3496869ms] [ERROR] WebSocket connection to 'ws://localhost:3000/' failed: Error in connection establishment: net::ERR_CONNECTION_REFUSED @ http://localhost:3000/@vite/client:1034
[ 3500838ms] [ERROR] WebSocket connection to 'ws://localhost:3000/' failed: Error in connection establishment: net::ERR_CONNECTION_REFUSED @ http://localhost:3000/@vite/client:1034
[ 3503810ms] [ERROR] WebSocket connection to 'ws://localhost:3000/' failed: Error in connection establishment: net::ERR_CONNECTION_REFUSED @ http://localhost:3000/@vite/client:1034
[ 3508612ms] [ERROR] WebSocket connection to 'ws://localhost:3000/' failed: Error in connection establishment: net::ERR_CONNECTION_REFUSED @ http://localhost:3000/@vite/client:1034
[ 3510101ms] [ERROR] Failed to load resource: net::ERR_CONNECTION_REFUSED @ http://localhost:8000/api/v1/overview/doctor:0
[ 3510101ms] [ERROR] Failed to load resource: net::ERR_CONNECTION_REFUSED @ http://localhost:8000/api/v1/overview/kpi:0
[ 3512031ms] [ERROR] WebSocket connection to 'ws://localhost:3000/' failed: Error in connection establishment: net::ERR_CONNECTION_REFUSED @ http://localhost:3000/@vite/client:1034
[ 3516321ms] [ERROR] WebSocket connection to 'ws://localhost:3000/' failed: Error in connection establishment: net::ERR_CONNECTION_REFUSED @ http://localhost:3000/@vite/client:1034
[ 3521296ms] [ERROR] WebSocket connection to 'ws://localhost:3000/' failed: Error in connection establishment: net::ERR_CONNECTION_REFUSED @ http://localhost:3000/@vite/client:1034
[ 3526813ms] [ERROR] WebSocket connection to 'ws://localhost:3000/' failed: Error in connection establishment: net::ERR_CONNECTION_REFUSED @ http://localhost:3000/@vite/client:1034
[ 3531055ms] [ERROR] WebSocket connection to 'ws://localhost:3000/' failed: Error in connection establishment: net::ERR_CONNECTION_REFUSED @ http://localhost:3000/@vite/client:1034
[ 3534432ms] [ERROR] WebSocket connection to 'ws://localhost:3000/' failed: Error in connection establishment: net::ERR_CONNECTION_REFUSED @ http://localhost:3000/@vite/client:1034
[ 3535433ms] [ERROR] WebSocket connection to 'ws://localhost:3000/' failed: Error in connection establishment: net::ERR_CONNECTION_REFUSED @ http://localhost:3000/@vite/client:1034
[ 3536435ms] [ERROR] WebSocket connection to 'ws://localhost:3000/' failed: Error in connection establishment: net::ERR_CONNECTION_REFUSED @ http://localhost:3000/@vite/client:1034
[ 3537436ms] [ERROR] WebSocket connection to 'ws://localhost:3000/' failed: Error in connection establishment: net::ERR_CONNECTION_REFUSED @ http://localhost:3000/@vite/client:1034
[ 3538439ms] [ERROR] WebSocket connection to 'ws://localhost:3000/' failed: Error in connection establishment: net::ERR_CONNECTION_REFUSED @ http://localhost:3000/@vite/client:1034
[ 3539440ms] [ERROR] WebSocket connection to 'ws://localhost:3000/' failed: Error in connection establishment: net::ERR_CONNECTION_REFUSED @ http://localhost:3000/@vite/client:1034
[ 3540101ms] [ERROR] Failed to load resource: net::ERR_CONNECTION_REFUSED @ http://localhost:8000/api/v1/overview/doctor:0
[ 3540101ms] [ERROR] Failed to load resource: net::ERR_CONNECTION_REFUSED @ http://localhost:8000/api/v1/overview/kpi:0
[ 3540445ms] [ERROR] WebSocket connection to 'ws://localhost:3000/' failed: Error in connection establishment: net::ERR_CONNECTION_REFUSED @ http://localhost:3000/@vite/client:1034
[ 3541448ms] [ERROR] WebSocket connection to 'ws://localhost:3000/' failed: Error in connection establishment: net::ERR_CONNECTION_REFUSED @ http://localhost:3000/@vite/client:1034
[ 3542460ms] [ERROR] WebSocket connection to 'ws://localhost:3000/' failed: Error in connection establishment: net::ERR_CONNECTION_REFUSED @ http://localhost:3000/@vite/client:1034
[ 3543484ms] [ERROR] WebSocket connection to 'ws://localhost:3000/' failed: Error in connection establishment: net::ERR_CONNECTION_REFUSED @ http://localhost:3000/@vite/client:1034
[ 3544527ms] [ERROR] WebSocket connection to 'ws://localhost:3000/' failed: Error in connection establishment: net::ERR_CONNECTION_REFUSED @ http://localhost:3000/@vite/client:1034
[ 3545577ms] [ERROR] WebSocket connection to 'ws://localhost:3000/' failed: Error in connection establishment: net::ERR_CONNECTION_REFUSED @ http://localhost:3000/@vite/client:1034
[ 3546725ms] [ERROR] WebSocket connection to 'ws://localhost:3000/' failed: Error in connection establishment: net::ERR_CONNECTION_REFUSED @ http://localhost:3000/@vite/client:1034
[ 3547854ms] [ERROR] WebSocket connection to 'ws://localhost:3000/' failed: Error in connection establishment: net::ERR_CONNECTION_REFUSED @ http://localhost:3000/@vite/client:1034
[ 3549759ms] [ERROR] WebSocket connection to 'ws://localhost:3000/' failed: Error in connection establishment: net::ERR_CONNECTION_REFUSED @ http://localhost:3000/@vite/client:1034
[ 3551804ms] [ERROR] WebSocket connection to 'ws://localhost:3000/' failed: Error in connection establishment: net::ERR_CONNECTION_REFUSED @ http://localhost:3000/@vite/client:1034
[ 3555541ms] [ERROR] WebSocket connection to 'ws://localhost:3000/' failed: Error in connection establishment: net::ERR_CONNECTION_REFUSED @ http://localhost:3000/@vite/client:1034
[ 3560190ms] [ERROR] WebSocket connection to 'ws://localhost:3000/' failed: Error in connection establishment: net::ERR_CONNECTION_REFUSED @ http://localhost:3000/@vite/client:1034
[ 3564774ms] [ERROR] WebSocket connection to 'ws://localhost:3000/' failed: Error in connection establishment: net::ERR_CONNECTION_REFUSED @ http://localhost:3000/@vite/client:1034
[ 3567179ms] [ERROR] WebSocket connection to 'ws://localhost:3000/' failed: Error in connection establishment: net::ERR_CONNECTION_REFUSED @ http://localhost:3000/@vite/client:1034
[ 3570101ms] [ERROR] Failed to load resource: net::ERR_CONNECTION_REFUSED @ http://localhost:8000/api/v1/overview/doctor:0
[ 3570101ms] [ERROR] Failed to load resource: net::ERR_CONNECTION_REFUSED @ http://localhost:8000/api/v1/overview/kpi:0
[ 3572884ms] [ERROR] WebSocket connection to 'ws://localhost:3000/' failed: Error in connection establishment: net::ERR_CONNECTION_REFUSED @ http://localhost:3000/@vite/client:1034
[ 3578708ms] [ERROR] WebSocket connection to 'ws://localhost:3000/' failed: Error in connection establishment: net::ERR_CONNECTION_REFUSED @ http://localhost:3000/@vite/client:1034
[ 3583054ms] [ERROR] WebSocket connection to 'ws://localhost:3000/' failed: Error in connection establishment: net::ERR_CONNECTION_REFUSED @ http://localhost:3000/@vite/client:1034
[ 3589042ms] [ERROR] WebSocket connection to 'ws://localhost:3000/' failed: Error in connection establishment: net::ERR_CONNECTION_REFUSED @ http://localhost:3000/@vite/client:1034
[ 3592332ms] [ERROR] WebSocket connection to 'ws://localhost:3000/' failed: Error in connection establishment: net::ERR_CONNECTION_REFUSED @ http://localhost:3000/@vite/client:1034
[ 3596729ms] [ERROR] WebSocket connection to 'ws://localhost:3000/' failed: Error in connection establishment: net::ERR_CONNECTION_REFUSED @ http://localhost:3000/@vite/client:1034
[ 3600101ms] [ERROR] Failed to load resource: net::ERR_CONNECTION_REFUSED @ http://localhost:8000/api/v1/overview/doctor:0
[ 3600101ms] [ERROR] Failed to load resource: net::ERR_CONNECTION_REFUSED @ http://localhost:8000/api/v1/overview/kpi:0
[ 3600352ms] [ERROR] WebSocket connection to 'ws://localhost:3000/' failed: Error in connection establishment: net::ERR_CONNECTION_REFUSED @ http://localhost:3000/@vite/client:1034
[ 3605185ms] [ERROR] WebSocket connection to 'ws://localhost:3000/' failed: Error in connection establishment: net::ERR_CONNECTION_REFUSED @ http://localhost:3000/@vite/client:1034
[ 3610987ms] [ERROR] WebSocket connection to 'ws://localhost:3000/' failed: Error in connection establishment: net::ERR_CONNECTION_REFUSED @ http://localhost:3000/@vite/client:1034
[ 3615676ms] [ERROR] WebSocket connection to 'ws://localhost:3000/' failed: Error in connection establishment: net::ERR_CONNECTION_REFUSED @ http://localhost:3000/@vite/client:1034
[ 3620491ms] [ERROR] WebSocket connection to 'ws://localhost:3000/' failed: Error in connection establishment: net::ERR_CONNECTION_REFUSED @ http://localhost:3000/@vite/client:1034
[ 3623039ms] [ERROR] WebSocket connection to 'ws://localhost:3000/' failed: Error in connection establishment: net::ERR_CONNECTION_REFUSED @ http://localhost:3000/@vite/client:1034
[ 3627469ms] [ERROR] WebSocket connection to 'ws://localhost:3000/' failed: Error in connection establishment: net::ERR_CONNECTION_REFUSED @ http://localhost:3000/@vite/client:1034
[ 3630101ms] [ERROR] Failed to load resource: net::ERR_CONNECTION_REFUSED @ http://localhost:8000/api/v1/overview/doctor:0
[ 3630101ms] [ERROR] Failed to load resource: net::ERR_CONNECTION_REFUSED @ http://localhost:8000/api/v1/overview/kpi:0
[ 3631437ms] [ERROR] WebSocket connection to 'ws://localhost:3000/' failed: Error in connection establishment: net::ERR_CONNECTION_REFUSED @ http://localhost:3000/@vite/client:1034
[ 3633828ms] [ERROR] WebSocket connection to 'ws://localhost:3000/' failed: Error in connection establishment: net::ERR_CONNECTION_REFUSED @ http://localhost:3000/@vite/client:1034
[ 3638560ms] [ERROR] WebSocket connection to 'ws://localhost:3000/' failed: Error in connection establishment: net::ERR_CONNECTION_REFUSED @ http://localhost:3000/@vite/client:1034
[ 3640767ms] [ERROR] WebSocket connection to 'ws://localhost:3000/' failed: Error in connection establishment: net::ERR_CONNECTION_REFUSED @ http://localhost:3000/@vite/client:1034
[ 3644451ms] [ERROR] WebSocket connection to 'ws://localhost:3000/' failed: Error in connection establishment: net::ERR_CONNECTION_REFUSED @ http://localhost:3000/@vite/client:1034
[ 3648080ms] [ERROR] WebSocket connection to 'ws://localhost:3000/' failed: Error in connection establishment: net::ERR_CONNECTION_REFUSED @ http://localhost:3000/@vite/client:1034
[ 3651152ms] [ERROR] WebSocket connection to 'ws://localhost:3000/' failed: Error in connection establishment: net::ERR_CONNECTION_REFUSED @ http://localhost:3000/@vite/client:1034
[ 3654065ms] [ERROR] WebSocket connection to 'ws://localhost:3000/' failed: Error in connection establishment: net::ERR_CONNECTION_REFUSED @ http://localhost:3000/@vite/client:1034
[ 3656106ms] [ERROR] WebSocket connection to 'ws://localhost:3000/' failed: Error in connection establishment: net::ERR_CONNECTION_REFUSED @ http://localhost:3000/@vite/client:1034
[ 3660101ms] [ERROR] Failed to load resource: net::ERR_CONNECTION_REFUSED @ http://localhost:8000/api/v1/overview/doctor:0
[ 3660101ms] [ERROR] Failed to load resource: net::ERR_CONNECTION_REFUSED @ http://localhost:8000/api/v1/overview/kpi:0
[ 3660598ms] [ERROR] WebSocket connection to 'ws://localhost:3000/' failed: Error in connection establishment: net::ERR_CONNECTION_REFUSED @ http://localhost:3000/@vite/client:1034
[ 3665861ms] [ERROR] WebSocket connection to 'ws://localhost:3000/' failed: Error in connection establishment: net::ERR_CONNECTION_REFUSED @ http://localhost:3000/@vite/client:1034
[ 3669890ms] [ERROR] WebSocket connection to 'ws://localhost:3000/' failed: Error in connection establishment: net::ERR_CONNECTION_REFUSED @ http://localhost:3000/@vite/client:1034
[ 3672820ms] [ERROR] WebSocket connection to 'ws://localhost:3000/' failed: Error in connection establishment: net::ERR_CONNECTION_REFUSED @ http://localhost:3000/@vite/client:1034
[ 3676909ms] [ERROR] WebSocket connection to 'ws://localhost:3000/' failed: Error in connection establishment: net::ERR_CONNECTION_REFUSED @ http://localhost:3000/@vite/client:1034
[ 3680700ms] [ERROR] WebSocket connection to 'ws://localhost:3000/' failed: Error in connection establishment: net::ERR_CONNECTION_REFUSED @ http://localhost:3000/@vite/client:1034
[ 3685206ms] [ERROR] WebSocket connection to 'ws://localhost:3000/' failed: Error in connection establishment: net::ERR_CONNECTION_REFUSED @ http://localhost:3000/@vite/client:1034
[ 3690100ms] [ERROR] Failed to load resource: net::ERR_CONNECTION_REFUSED @ http://localhost:8000/api/v1/overview/doctor:0
[ 3690101ms] [ERROR] Failed to load resource: net::ERR_CONNECTION_REFUSED @ http://localhost:8000/api/v1/overview/kpi:0
[ 3690778ms] [ERROR] WebSocket connection to 'ws://localhost:3000/' failed: Error in connection establishment: net::ERR_CONNECTION_REFUSED @ http://localhost:3000/@vite/client:1034
[ 3693900ms] [ERROR] WebSocket connection to 'ws://localhost:3000/' failed: Error in connection establishment: net::ERR_CONNECTION_REFUSED @ http://localhost:3000/@vite/client:1034
[ 3698167ms] [ERROR] WebSocket connection to 'ws://localhost:3000/' failed: Error in connection establishment: net::ERR_CONNECTION_REFUSED @ http://localhost:3000/@vite/client:1034
[ 3702838ms] [ERROR] WebSocket connection to 'ws://localhost:3000/' failed: Error in connection establishment: net::ERR_CONNECTION_REFUSED @ http://localhost:3000/@vite/client:1034
[ 3706274ms] [ERROR] WebSocket connection to 'ws://localhost:3000/' failed: Error in connection establishment: net::ERR_CONNECTION_REFUSED @ http://localhost:3000/@vite/client:1034
[ 3711101ms] [ERROR] WebSocket connection to 'ws://localhost:3000/' failed: Error in connection establishment: net::ERR_CONNECTION_REFUSED @ http://localhost:3000/@vite/client:1034
[ 3714767ms] [ERROR] WebSocket connection to 'ws://localhost:3000/' failed: Error in connection establishment: net::ERR_CONNECTION_REFUSED @ http://localhost:3000/@vite/client:1034
[ 3718355ms] [ERROR] WebSocket connection to 'ws://localhost:3000/' failed: Error in connection establishment: net::ERR_CONNECTION_REFUSED @ http://localhost:3000/@vite/client:1034
[ 3720101ms] [ERROR] Failed to load resource: net::ERR_CONNECTION_REFUSED @ http://localhost:8000/api/v1/overview/doctor:0
[ 3720101ms] [ERROR] Failed to load resource: net::ERR_CONNECTION_REFUSED @ http://localhost:8000/api/v1/overview/kpi:0
[ 3720948ms] [ERROR] WebSocket connection to 'ws://localhost:3000/' failed: Error in connection establishment: net::ERR_CONNECTION_REFUSED @ http://localhost:3000/@vite/client:1034
[ 3724290ms] [ERROR] WebSocket connection to 'ws://localhost:3000/' failed: Error in connection establishment: net::ERR_CONNECTION_REFUSED @ http://localhost:3000/@vite/client:1034
[ 3728701ms] [ERROR] WebSocket connection to 'ws://localhost:3000/' failed: Error in connection establishment: net::ERR_CONNECTION_REFUSED @ http://localhost:3000/@vite/client:1034
[ 3734256ms] [ERROR] WebSocket connection to 'ws://localhost:3000/' failed: Error in connection establishment: net::ERR_CONNECTION_REFUSED @ http://localhost:3000/@vite/client:1034
[ 3737978ms] [ERROR] WebSocket connection to 'ws://localhost:3000/' failed: Error in connection establishment: net::ERR_CONNECTION_REFUSED @ http://localhost:3000/@vite/client:1034
[ 3743124ms] [ERROR] WebSocket connection to 'ws://localhost:3000/' failed: Error in connection establishment: net::ERR_CONNECTION_REFUSED @ http://localhost:3000/@vite/client:1034
[ 3748501ms] [ERROR] WebSocket connection to 'ws://localhost:3000/' failed: Error in connection establishment: net::ERR_CONNECTION_REFUSED @ http://localhost:3000/@vite/client:1034
[ 3750101ms] [ERROR] Failed to load resource: net::ERR_CONNECTION_REFUSED @ http://localhost:8000/api/v1/overview/doctor:0
[ 3750101ms] [ERROR] Failed to load resource: net::ERR_CONNECTION_REFUSED @ http://localhost:8000/api/v1/overview/kpi:0
[ 3753411ms] [ERROR] WebSocket connection to 'ws://localhost:3000/' failed: Error in connection establishment: net::ERR_CONNECTION_REFUSED @ http://localhost:3000/@vite/client:1034
[ 3759404ms] [ERROR] WebSocket connection to 'ws://localhost:3000/' failed: Error in connection establishment: net::ERR_CONNECTION_REFUSED @ http://localhost:3000/@vite/client:1034
[ 3764954ms] [ERROR] WebSocket connection to 'ws://localhost:3000/' failed: Error in connection establishment: net::ERR_CONNECTION_REFUSED @ http://localhost:3000/@vite/client:1034
[ 3767114ms] [ERROR] WebSocket connection to 'ws://localhost:3000/' failed: Error in connection establishment: net::ERR_CONNECTION_REFUSED @ http://localhost:3000/@vite/client:1034
[ 3769205ms] [ERROR] WebSocket connection to 'ws://localhost:3000/' failed: Error in connection establishment: net::ERR_CONNECTION_REFUSED @ http://localhost:3000/@vite/client:1034
[ 3773046ms] [ERROR] WebSocket connection to 'ws://localhost:3000/' failed: Error in connection establishment: net::ERR_CONNECTION_REFUSED @ http://localhost:3000/@vite/client:1034
[ 3778731ms] [ERROR] WebSocket connection to 'ws://localhost:3000/' failed: Error in connection establishment: net::ERR_CONNECTION_REFUSED @ http://localhost:3000/@vite/client:1034
[ 3780101ms] [ERROR] Failed to load resource: net::ERR_CONNECTION_REFUSED @ http://localhost:8000/api/v1/overview/doctor:0
[ 3780101ms] [ERROR] Failed to load resource: net::ERR_CONNECTION_REFUSED @ http://localhost:8000/api/v1/overview/kpi:0
[ 3784071ms] [ERROR] WebSocket connection to 'ws://localhost:3000/' failed: Error in connection establishment: net::ERR_CONNECTION_REFUSED @ http://localhost:3000/@vite/client:1034
[ 3790071ms] [ERROR] WebSocket connection to 'ws://localhost:3000/' failed: Error in connection establishment: net::ERR_CONNECTION_REFUSED @ http://localhost:3000/@vite/client:1034
[ 3793508ms] [ERROR] WebSocket connection to 'ws://localhost:3000/' failed: Error in connection establishment: net::ERR_CONNECTION_REFUSED @ http://localhost:3000/@vite/client:1034
[ 3798151ms] [ERROR] WebSocket connection to 'ws://localhost:3000/' failed: Error in connection establishment: net::ERR_CONNECTION_REFUSED @ http://localhost:3000/@vite/client:1034
[ 3801188ms] [ERROR] WebSocket connection to 'ws://localhost:3000/' failed: Error in connection establishment: net::ERR_CONNECTION_REFUSED @ http://localhost:3000/@vite/client:1034
[ 3803686ms] [ERROR] WebSocket connection to 'ws://localhost:3000/' failed: Error in connection establishment: net::ERR_CONNECTION_REFUSED @ http://localhost:3000/@vite/client:1034
[ 3806769ms] [ERROR] WebSocket connection to 'ws://localhost:3000/' failed: Error in connection establishment: net::ERR_CONNECTION_REFUSED @ http://localhost:3000/@vite/client:1034
[ 3810101ms] [ERROR] Failed to load resource: net::ERR_CONNECTION_REFUSED @ http://localhost:8000/api/v1/overview/doctor:0
[ 3810101ms] [ERROR] Failed to load resource: net::ERR_CONNECTION_REFUSED @ http://localhost:8000/api/v1/overview/kpi:0
[ 3812236ms] [ERROR] WebSocket connection to 'ws://localhost:3000/' failed: Error in connection establishment: net::ERR_CONNECTION_REFUSED @ http://localhost:3000/@vite/client:1034
[ 3814469ms] [ERROR] WebSocket connection to 'ws://localhost:3000/' failed: Error in connection establishment: net::ERR_CONNECTION_REFUSED @ http://localhost:3000/@vite/client:1034
[ 3820460ms] [ERROR] WebSocket connection to 'ws://localhost:3000/' failed: Error in connection establishment: net::ERR_CONNECTION_REFUSED @ http://localhost:3000/@vite/client:1034
[ 3825148ms] [ERROR] WebSocket connection to 'ws://localhost:3000/' failed: Error in connection establishment: net::ERR_CONNECTION_REFUSED @ http://localhost:3000/@vite/client:1034
[ 3830198ms] [ERROR] WebSocket connection to 'ws://localhost:3000/' failed: Error in connection establishment: net::ERR_CONNECTION_REFUSED @ http://localhost:3000/@vite/client:1034
[ 3835034ms] [ERROR] WebSocket connection to 'ws://localhost:3000/' failed: Error in connection establishment: net::ERR_CONNECTION_REFUSED @ http://localhost:3000/@vite/client:1034
[ 3839689ms] [ERROR] WebSocket connection to 'ws://localhost:3000/' failed: Error in connection establishment: net::ERR_CONNECTION_REFUSED @ http://localhost:3000/@vite/client:1034
[ 3840101ms] [ERROR] Failed to load resource: net::ERR_CONNECTION_REFUSED @ http://localhost:8000/api/v1/overview/doctor:0
[ 3840101ms] [ERROR] Failed to load resource: net::ERR_CONNECTION_REFUSED @ http://localhost:8000/api/v1/overview/kpi:0
[ 3843336ms] [ERROR] WebSocket connection to 'ws://localhost:3000/' failed: Error in connection establishment: net::ERR_CONNECTION_REFUSED @ http://localhost:3000/@vite/client:1034
[ 3847442ms] [ERROR] WebSocket connection to 'ws://localhost:3000/' failed: Error in connection establishment: net::ERR_CONNECTION_REFUSED @ http://localhost:3000/@vite/client:1034
[ 3851375ms] [ERROR] WebSocket connection to 'ws://localhost:3000/' failed: Error in connection establishment: net::ERR_CONNECTION_REFUSED @ http://localhost:3000/@vite/client:1034
[ 3856857ms] [ERROR] WebSocket connection to 'ws://localhost:3000/' failed: Error in connection establishment: net::ERR_CONNECTION_REFUSED @ http://localhost:3000/@vite/client:1034
[ 3862344ms] [ERROR] WebSocket connection to 'ws://localhost:3000/' failed: Error in connection establishment: net::ERR_CONNECTION_REFUSED @ http://localhost:3000/@vite/client:1034
[ 3866984ms] [ERROR] WebSocket connection to 'ws://localhost:3000/' failed: Error in connection establishment: net::ERR_CONNECTION_REFUSED @ http://localhost:3000/@vite/client:1034
[ 3870101ms] [ERROR] Failed to load resource: net::ERR_CONNECTION_REFUSED @ http://localhost:8000/api/v1/overview/doctor:0
[ 3870101ms] [ERROR] Failed to load resource: net::ERR_CONNECTION_REFUSED @ http://localhost:8000/api/v1/overview/kpi:0
[ 3872049ms] [ERROR] WebSocket connection to 'ws://localhost:3000/' failed: Error in connection establishment: net::ERR_CONNECTION_REFUSED @ http://localhost:3000/@vite/client:1034
[ 3876297ms] [ERROR] WebSocket connection to 'ws://localhost:3000/' failed: Error in connection establishment: net::ERR_CONNECTION_REFUSED @ http://localhost:3000/@vite/client:1034
[ 3880479ms] [ERROR] WebSocket connection to 'ws://localhost:3000/' failed: Error in connection establishment: net::ERR_CONNECTION_REFUSED @ http://localhost:3000/@vite/client:1034
[ 3886000ms] [ERROR] WebSocket connection to 'ws://localhost:3000/' failed: Error in connection establishment: net::ERR_CONNECTION_REFUSED @ http://localhost:3000/@vite/client:1034
[ 3890000ms] [ERROR] WebSocket connection to 'ws://localhost:3000/' failed: Error in connection establishment: net::ERR_CONNECTION_REFUSED @ http://localhost:3000/@vite/client:1034
[ 3895349ms] [ERROR] WebSocket connection to 'ws://localhost:3000/' failed: Error in connection establishment: net::ERR_CONNECTION_REFUSED @ http://localhost:3000/@vite/client:1034
[ 3896350ms] [ERROR] WebSocket connection to 'ws://localhost:3000/' failed: Error in connection establishment: net::ERR_CONNECTION_REFUSED @ http://localhost:3000/@vite/client:1034
[ 3897351ms] [ERROR] WebSocket connection to 'ws://localhost:3000/' failed: Error in connection establishment: net::ERR_CONNECTION_REFUSED @ http://localhost:3000/@vite/client:1034
[ 3898352ms] [ERROR] WebSocket connection to 'ws://localhost:3000/' failed: Error in connection establishment: net::ERR_CONNECTION_REFUSED @ http://localhost:3000/@vite/client:1034
[ 3899355ms] [ERROR] WebSocket connection to 'ws://localhost:3000/' failed: Error in connection establishment: net::ERR_CONNECTION_REFUSED @ http://localhost:3000/@vite/client:1034
[ 3900101ms] [ERROR] Failed to load resource: net::ERR_CONNECTION_REFUSED @ http://localhost:8000/api/v1/overview/doctor:0
[ 3900101ms] [ERROR] Failed to load resource: net::ERR_CONNECTION_REFUSED @ http://localhost:8000/api/v1/overview/kpi:0
[ 3900358ms] [ERROR] WebSocket connection to 'ws://localhost:3000/' failed: Error in connection establishment: net::ERR_CONNECTION_REFUSED @ http://localhost:3000/@vite/client:1034
[ 3901363ms] [ERROR] WebSocket connection to 'ws://localhost:3000/' failed: Error in connection establishment: net::ERR_CONNECTION_REFUSED @ http://localhost:3000/@vite/client:1034
[ 3902366ms] [ERROR] WebSocket connection to 'ws://localhost:3000/' failed: Error in connection establishment: net::ERR_CONNECTION_REFUSED @ http://localhost:3000/@vite/client:1034
[ 3903372ms] [ERROR] WebSocket connection to 'ws://localhost:3000/' failed: Error in connection establishment: net::ERR_CONNECTION_REFUSED @ http://localhost:3000/@vite/client:1034
[ 3904387ms] [ERROR] WebSocket connection to 'ws://localhost:3000/' failed: Error in connection establishment: net::ERR_CONNECTION_REFUSED @ http://localhost:3000/@vite/client:1034
[ 3905418ms] [ERROR] WebSocket connection to 'ws://localhost:3000/' failed: Error in connection establishment: net::ERR_CONNECTION_REFUSED @ http://localhost:3000/@vite/client:1034
[ 3906468ms] [ERROR] WebSocket connection to 'ws://localhost:3000/' failed: Error in connection establishment: net::ERR_CONNECTION_REFUSED @ http://localhost:3000/@vite/client:1034
[ 3907706ms] [ERROR] WebSocket connection to 'ws://localhost:3000/' failed: Error in connection establishment: net::ERR_CONNECTION_REFUSED @ http://localhost:3000/@vite/client:1034
[ 3908891ms] [ERROR] WebSocket connection to 'ws://localhost:3000/' failed: Error in connection establishment: net::ERR_CONNECTION_REFUSED @ http://localhost:3000/@vite/client:1034
[ 3910879ms] [ERROR] WebSocket connection to 'ws://localhost:3000/' failed: Error in connection establishment: net::ERR_CONNECTION_REFUSED @ http://localhost:3000/@vite/client:1034
[ 3913523ms] [ERROR] WebSocket connection to 'ws://localhost:3000/' failed: Error in connection establishment: net::ERR_CONNECTION_REFUSED @ http://localhost:3000/@vite/client:1034
[ 3917857ms] [ERROR] WebSocket connection to 'ws://localhost:3000/' failed: Error in connection establishment: net::ERR_CONNECTION_REFUSED @ http://localhost:3000/@vite/client:1034
[ 3923837ms] [ERROR] WebSocket connection to 'ws://localhost:3000/' failed: Error in connection establishment: net::ERR_CONNECTION_REFUSED @ http://localhost:3000/@vite/client:1034
[ 3927545ms] [ERROR] WebSocket connection to 'ws://localhost:3000/' failed: Error in connection establishment: net::ERR_CONNECTION_REFUSED @ http://localhost:3000/@vite/client:1034
[ 3929799ms] [ERROR] WebSocket connection to 'ws://localhost:3000/' failed: Error in connection establishment: net::ERR_CONNECTION_REFUSED @ http://localhost:3000/@vite/client:1034
[ 3930101ms] [ERROR] Failed to load resource: net::ERR_CONNECTION_REFUSED @ http://localhost:8000/api/v1/overview/doctor:0
[ 3930101ms] [ERROR] Failed to load resource: net::ERR_CONNECTION_REFUSED @ http://localhost:8000/api/v1/overview/kpi:0
[ 3934897ms] [ERROR] WebSocket connection to 'ws://localhost:3000/' failed: Error in connection establishment: net::ERR_CONNECTION_REFUSED @ http://localhost:3000/@vite/client:1034
[ 3937677ms] [ERROR] WebSocket connection to 'ws://localhost:3000/' failed: Error in connection establishment: net::ERR_CONNECTION_REFUSED @ http://localhost:3000/@vite/client:1034
[ 3940483ms] [ERROR] WebSocket connection to 'ws://localhost:3000/' failed: Error in connection establishment: net::ERR_CONNECTION_REFUSED @ http://localhost:3000/@vite/client:1034
[ 3944230ms] [ERROR] WebSocket connection to 'ws://localhost:3000/' failed: Error in connection establishment: net::ERR_CONNECTION_REFUSED @ http://localhost:3000/@vite/client:1034
[ 3948065ms] [ERROR] WebSocket connection to 'ws://localhost:3000/' failed: Error in connection establishment: net::ERR_CONNECTION_REFUSED @ http://localhost:3000/@vite/client:1034
[ 3950427ms] [ERROR] WebSocket connection to 'ws://localhost:3000/' failed: Error in connection establishment: net::ERR_CONNECTION_REFUSED @ http://localhost:3000/@vite/client:1034
[ 3954441ms] [ERROR] WebSocket connection to 'ws://localhost:3000/' failed: Error in connection establishment: net::ERR_CONNECTION_REFUSED @ http://localhost:3000/@vite/client:1034
[ 3957023ms] [ERROR] WebSocket connection to 'ws://localhost:3000/' failed: Error in connection establishment: net::ERR_CONNECTION_REFUSED @ http://localhost:3000/@vite/client:1034
[ 3960100ms] [ERROR] Failed to load resource: net::ERR_CONNECTION_REFUSED @ http://localhost:8000/api/v1/overview/doctor:0
[ 3960101ms] [ERROR] Failed to load resource: net::ERR_CONNECTION_REFUSED @ http://localhost:8000/api/v1/overview/kpi:0
[ 3962711ms] [ERROR] WebSocket connection to 'ws://localhost:3000/' failed: Error in connection establishment: net::ERR_CONNECTION_REFUSED @ http://localhost:3000/@vite/client:1034
[ 3965782ms] [ERROR] WebSocket connection to 'ws://localhost:3000/' failed: Error in connection establishment: net::ERR_CONNECTION_REFUSED @ http://localhost:3000/@vite/client:1034
[ 3969141ms] [ERROR] WebSocket connection to 'ws://localhost:3000/' failed: Error in connection establishment: net::ERR_CONNECTION_REFUSED @ http://localhost:3000/@vite/client:1034
[ 3973210ms] [ERROR] WebSocket connection to 'ws://localhost:3000/' failed: Error in connection establishment: net::ERR_CONNECTION_REFUSED @ http://localhost:3000/@vite/client:1034
[ 3977418ms] [ERROR] WebSocket connection to 'ws://localhost:3000/' failed: Error in connection establishment: net::ERR_CONNECTION_REFUSED @ http://localhost:3000/@vite/client:1034
[ 3981810ms] [ERROR] WebSocket connection to 'ws://localhost:3000/' failed: Error in connection establishment: net::ERR_CONNECTION_REFUSED @ http://localhost:3000/@vite/client:1034
[ 3984336ms] [ERROR] WebSocket connection to 'ws://localhost:3000/' failed: Error in connection establishment: net::ERR_CONNECTION_REFUSED @ http://localhost:3000/@vite/client:1034
[ 3986979ms] [ERROR] WebSocket connection to 'ws://localhost:3000/' failed: Error in connection establishment: net::ERR_CONNECTION_REFUSED @ http://localhost:3000/@vite/client:1034
[ 3990101ms] [ERROR] Failed to load resource: net::ERR_CONNECTION_REFUSED @ http://localhost:8000/api/v1/overview/doctor:0
[ 3990101ms] [ERROR] Failed to load resource: net::ERR_CONNECTION_REFUSED @ http://localhost:8000/api/v1/overview/kpi:0
[ 3990920ms] [ERROR] WebSocket connection to 'ws://localhost:3000/' failed: Error in connection establishment: net::ERR_CONNECTION_REFUSED @ http://localhost:3000/@vite/client:1034
[ 3996895ms] [ERROR] WebSocket connection to 'ws://localhost:3000/' failed: Error in connection establishment: net::ERR_CONNECTION_REFUSED @ http://localhost:3000/@vite/client:1034
[ 3998907ms] [ERROR] WebSocket connection to 'ws://localhost:3000/' failed: Error in connection establishment: net::ERR_CONNECTION_REFUSED @ http://localhost:3000/@vite/client:1034
[ 4001253ms] [ERROR] WebSocket connection to 'ws://localhost:3000/' failed: Error in connection establishment: net::ERR_CONNECTION_REFUSED @ http://localhost:3000/@vite/client:1034
[ 4003729ms] [ERROR] WebSocket connection to 'ws://localhost:3000/' failed: Error in connection establishment: net::ERR_CONNECTION_REFUSED @ http://localhost:3000/@vite/client:1034
[ 4006323ms] [ERROR] WebSocket connection to 'ws://localhost:3000/' failed: Error in connection establishment: net::ERR_CONNECTION_REFUSED @ http://localhost:3000/@vite/client:1034
[ 4011292ms] [ERROR] WebSocket connection to 'ws://localhost:3000/' failed: Error in connection establishment: net::ERR_CONNECTION_REFUSED @ http://localhost:3000/@vite/client:1034
[ 4015197ms] [ERROR] WebSocket connection to 'ws://localhost:3000/' failed: Error in connection establishment: net::ERR_CONNECTION_REFUSED @ http://localhost:3000/@vite/client:1034
[ 4017352ms] [ERROR] WebSocket connection to 'ws://localhost:3000/' failed: Error in connection establishment: net::ERR_CONNECTION_REFUSED @ http://localhost:3000/@vite/client:1034
[ 4020101ms] [ERROR] Failed to load resource: net::ERR_CONNECTION_REFUSED @ http://localhost:8000/api/v1/overview/doctor:0
[ 4020101ms] [ERROR] Failed to load resource: net::ERR_CONNECTION_REFUSED @ http://localhost:8000/api/v1/overview/kpi:0
[ 4022270ms] [ERROR] WebSocket connection to 'ws://localhost:3000/' failed: Error in connection establishment: net::ERR_CONNECTION_REFUSED @ http://localhost:3000/@vite/client:1034
[ 4027850ms] [ERROR] WebSocket connection to 'ws://localhost:3000/' failed: Error in connection establishment: net::ERR_CONNECTION_REFUSED @ http://localhost:3000/@vite/client:1034
[ 4029943ms] [ERROR] WebSocket connection to 'ws://localhost:3000/' failed: Error in connection establishment: net::ERR_CONNECTION_REFUSED @ http://localhost:3000/@vite/client:1034
[ 4034267ms] [ERROR] WebSocket connection to 'ws://localhost:3000/' failed: Error in connection establishment: net::ERR_CONNECTION_REFUSED @ http://localhost:3000/@vite/client:1034
[ 4038346ms] [ERROR] WebSocket connection to 'ws://localhost:3000/' failed: Error in connection establishment: net::ERR_CONNECTION_REFUSED @ http://localhost:3000/@vite/client:1034
[ 4041175ms] [ERROR] WebSocket connection to 'ws://localhost:3000/' failed: Error in connection establishment: net::ERR_CONNECTION_REFUSED @ http://localhost:3000/@vite/client:1034
[ 4046557ms] [ERROR] WebSocket connection to 'ws://localhost:3000/' failed: Error in connection establishment: net::ERR_CONNECTION_REFUSED @ http://localhost:3000/@vite/client:1034
[ 4048773ms] [ERROR] WebSocket connection to 'ws://localhost:3000/' failed: Error in connection establishment: net::ERR_CONNECTION_REFUSED @ http://localhost:3000/@vite/client:1034
[ 4050101ms] [ERROR] Failed to load resource: net::ERR_CONNECTION_REFUSED @ http://localhost:8000/api/v1/overview/doctor:0
[ 4050101ms] [ERROR] Failed to load resource: net::ERR_CONNECTION_REFUSED @ http://localhost:8000/api/v1/overview/kpi:0
[ 4050833ms] [ERROR] WebSocket connection to 'ws://localhost:3000/' failed: Error in connection establishment: net::ERR_CONNECTION_REFUSED @ http://localhost:3000/@vite/client:1034
[ 4053395ms] [ERROR] WebSocket connection to 'ws://localhost:3000/' failed: Error in connection establishment: net::ERR_CONNECTION_REFUSED @ http://localhost:3000/@vite/client:1034
[ 4057166ms] [ERROR] WebSocket connection to 'ws://localhost:3000/' failed: Error in connection establishment: net::ERR_CONNECTION_REFUSED @ http://localhost:3000/@vite/client:1034
[ 4059360ms] [ERROR] WebSocket connection to 'ws://localhost:3000/' failed: Error in connection establishment: net::ERR_CONNECTION_REFUSED @ http://localhost:3000/@vite/client:1034
[ 4061644ms] [ERROR] WebSocket connection to 'ws://localhost:3000/' failed: Error in connection establishment: net::ERR_CONNECTION_REFUSED @ http://localhost:3000/@vite/client:1034
[ 4063957ms] [ERROR] WebSocket connection to 'ws://localhost:3000/' failed: Error in connection establishment: net::ERR_CONNECTION_REFUSED @ http://localhost:3000/@vite/client:1034
[ 4066626ms] [ERROR] WebSocket connection to 'ws://localhost:3000/' failed: Error in connection establishment: net::ERR_CONNECTION_REFUSED @ http://localhost:3000/@vite/client:1034
[ 4068914ms] [ERROR] WebSocket connection to 'ws://localhost:3000/' failed: Error in connection establishment: net::ERR_CONNECTION_REFUSED @ http://localhost:3000/@vite/client:1034
[ 4071605ms] [ERROR] WebSocket connection to 'ws://localhost:3000/' failed: Error in connection establishment: net::ERR_CONNECTION_REFUSED @ http://localhost:3000/@vite/client:1034
[ 4074482ms] [ERROR] WebSocket connection to 'ws://localhost:3000/' failed: Error in connection establishment: net::ERR_CONNECTION_REFUSED @ http://localhost:3000/@vite/client:1034
[ 4078082ms] [ERROR] WebSocket connection to 'ws://localhost:3000/' failed: Error in connection establishment: net::ERR_CONNECTION_REFUSED @ http://localhost:3000/@vite/client:1034
[ 4080101ms] [ERROR] Failed to load resource: net::ERR_CONNECTION_REFUSED @ http://localhost:8000/api/v1/overview/doctor:0
[ 4080101ms] [ERROR] Failed to load resource: net::ERR_CONNECTION_REFUSED @ http://localhost:8000/api/v1/overview/kpi:0
[ 4084066ms] [ERROR] WebSocket connection to 'ws://localhost:3000/' failed: Error in connection establishment: net::ERR_CONNECTION_REFUSED @ http://localhost:3000/@vite/client:1034
[ 4088160ms] [ERROR] WebSocket connection to 'ws://localhost:3000/' failed: Error in connection establishment: net::ERR_CONNECTION_REFUSED @ http://localhost:3000/@vite/client:1034
[ 4093527ms] [ERROR] WebSocket connection to 'ws://localhost:3000/' failed: Error in connection establishment: net::ERR_CONNECTION_REFUSED @ http://localhost:3000/@vite/client:1034
[ 4097991ms] [ERROR] WebSocket connection to 'ws://localhost:3000/' failed: Error in connection establishment: net::ERR_CONNECTION_REFUSED @ http://localhost:3000/@vite/client:1034
[ 4101331ms] [ERROR] WebSocket connection to 'ws://localhost:3000/' failed: Error in connection establishment: net::ERR_CONNECTION_REFUSED @ http://localhost:3000/@vite/client:1034
[ 4104676ms] [ERROR] WebSocket connection to 'ws://localhost:3000/' failed: Error in connection establishment: net::ERR_CONNECTION_REFUSED @ http://localhost:3000/@vite/client:1034
[ 4109619ms] [ERROR] WebSocket connection to 'ws://localhost:3000/' failed: Error in connection establishment: net::ERR_CONNECTION_REFUSED @ http://localhost:3000/@vite/client:1034
[ 4110101ms] [ERROR] Failed to load resource: net::ERR_CONNECTION_REFUSED @ http://localhost:8000/api/v1/overview/doctor:0
[ 4110101ms] [ERROR] Failed to load resource: net::ERR_CONNECTION_REFUSED @ http://localhost:8000/api/v1/overview/kpi:0
[ 4114787ms] [ERROR] WebSocket connection to 'ws://localhost:3000/' failed: Error in connection establishment: net::ERR_CONNECTION_REFUSED @ http://localhost:3000/@vite/client:1034
[ 4117493ms] [ERROR] WebSocket connection to 'ws://localhost:3000/' failed: Error in connection establishment: net::ERR_CONNECTION_REFUSED @ http://localhost:3000/@vite/client:1034
[ 4120038ms] [ERROR] WebSocket connection to 'ws://localhost:3000/' failed: Error in connection establishment: net::ERR_CONNECTION_REFUSED @ http://localhost:3000/@vite/client:1034
[ 4123626ms] [ERROR] WebSocket connection to 'ws://localhost:3000/' failed: Error in connection establishment: net::ERR_CONNECTION_REFUSED @ http://localhost:3000/@vite/client:1034
[ 4127498ms] [ERROR] WebSocket connection to 'ws://localhost:3000/' failed: Error in connection establishment: net::ERR_CONNECTION_REFUSED @ http://localhost:3000/@vite/client:1034
[ 4129778ms] [ERROR] WebSocket connection to 'ws://localhost:3000/' failed: Error in connection establishment: net::ERR_CONNECTION_REFUSED @ http://localhost:3000/@vite/client:1034
[ 4133466ms] [ERROR] WebSocket connection to 'ws://localhost:3000/' failed: Error in connection establishment: net::ERR_CONNECTION_REFUSED @ http://localhost:3000/@vite/client:1034
[ 4137325ms] [ERROR] WebSocket connection to 'ws://localhost:3000/' failed: Error in connection establishment: net::ERR_CONNECTION_REFUSED @ http://localhost:3000/@vite/client:1034
[ 4140101ms] [ERROR] Failed to load resource: net::ERR_CONNECTION_REFUSED @ http://localhost:8000/api/v1/overview/doctor:0
[ 4140101ms] [ERROR] Failed to load resource: net::ERR_CONNECTION_REFUSED @ http://localhost:8000/api/v1/overview/kpi:0
[ 4140584ms] [ERROR] WebSocket connection to 'ws://localhost:3000/' failed: Error in connection establishment: net::ERR_CONNECTION_REFUSED @ http://localhost:3000/@vite/client:1034
[ 4144349ms] [ERROR] WebSocket connection to 'ws://localhost:3000/' failed: Error in connection establishment: net::ERR_CONNECTION_REFUSED @ http://localhost:3000/@vite/client:1034
[ 4148876ms] [ERROR] WebSocket connection to 'ws://localhost:3000/' failed: Error in connection establishment: net::ERR_CONNECTION_REFUSED @ http://localhost:3000/@vite/client:1034
[ 4153112ms] [ERROR] WebSocket connection to 'ws://localhost:3000/' failed: Error in connection establishment: net::ERR_CONNECTION_REFUSED @ http://localhost:3000/@vite/client:1034
[ 4157752ms] [ERROR] WebSocket connection to 'ws://localhost:3000/' failed: Error in connection establishment: net::ERR_CONNECTION_REFUSED @ http://localhost:3000/@vite/client:1034
[ 4162598ms] [ERROR] WebSocket connection to 'ws://localhost:3000/' failed: Error in connection establishment: net::ERR_CONNECTION_REFUSED @ http://localhost:3000/@vite/client:1034
[ 4164610ms] [ERROR] WebSocket connection to 'ws://localhost:3000/' failed: Error in connection establishment: net::ERR_CONNECTION_REFUSED @ http://localhost:3000/@vite/client:1034
[ 4169247ms] [ERROR] WebSocket connection to 'ws://localhost:3000/' failed: Error in connection establishment: net::ERR_CONNECTION_REFUSED @ http://localhost:3000/@vite/client:1034
[ 4170101ms] [ERROR] Failed to load resource: net::ERR_CONNECTION_REFUSED @ http://localhost:8000/api/v1/overview/doctor:0
[ 4170101ms] [ERROR] Failed to load resource: net::ERR_CONNECTION_REFUSED @ http://localhost:8000/api/v1/overview/kpi:0
[ 4174107ms] [ERROR] WebSocket connection to 'ws://localhost:3000/' failed: Error in connection establishment: net::ERR_CONNECTION_REFUSED @ http://localhost:3000/@vite/client:1034
[ 4179295ms] [ERROR] WebSocket connection to 'ws://localhost:3000/' failed: Error in connection establishment: net::ERR_CONNECTION_REFUSED @ http://localhost:3000/@vite/client:1034
[ 4182170ms] [ERROR] WebSocket connection to 'ws://localhost:3000/' failed: Error in connection establishment: net::ERR_CONNECTION_REFUSED @ http://localhost:3000/@vite/client:1034
[ 4188044ms] [ERROR] WebSocket connection to 'ws://localhost:3000/' failed: Error in connection establishment: net::ERR_CONNECTION_REFUSED @ http://localhost:3000/@vite/client:1034
[ 4190489ms] [ERROR] WebSocket connection to 'ws://localhost:3000/' failed: Error in connection establishment: net::ERR_CONNECTION_REFUSED @ http://localhost:3000/@vite/client:1034
[ 4193751ms] [ERROR] WebSocket connection to 'ws://localhost:3000/' failed: Error in connection establishment: net::ERR_CONNECTION_REFUSED @ http://localhost:3000/@vite/client:1034
[ 4197225ms] [ERROR] WebSocket connection to 'ws://localhost:3000/' failed: Error in connection establishment: net::ERR_CONNECTION_REFUSED @ http://localhost:3000/@vite/client:1034
[ 4200088ms] [ERROR] WebSocket connection to 'ws://localhost:3000/' failed: Error in connection establishment: net::ERR_CONNECTION_REFUSED @ http://localhost:3000/@vite/client:1034
[ 4200100ms] [ERROR] Failed to load resource: net::ERR_CONNECTION_REFUSED @ http://localhost:8000/api/v1/overview/doctor:0
[ 4200100ms] [ERROR] Failed to load resource: net::ERR_CONNECTION_REFUSED @ http://localhost:8000/api/v1/overview/kpi:0
[ 4205247ms] [ERROR] WebSocket connection to 'ws://localhost:3000/' failed: Error in connection establishment: net::ERR_CONNECTION_REFUSED @ http://localhost:3000/@vite/client:1034
[ 4210088ms] [ERROR] WebSocket connection to 'ws://localhost:3000/' failed: Error in connection establishment: net::ERR_CONNECTION_REFUSED @ http://localhost:3000/@vite/client:1034
[ 4212339ms] [ERROR] WebSocket connection to 'ws://localhost:3000/' failed: Error in connection establishment: net::ERR_CONNECTION_REFUSED @ http://localhost:3000/@vite/client:1034
[ 4216070ms] [ERROR] WebSocket connection to 'ws://localhost:3000/' failed: Error in connection establishment: net::ERR_CONNECTION_REFUSED @ http://localhost:3000/@vite/client:1034
[ 4220481ms] [ERROR] WebSocket connection to 'ws://localhost:3000/' failed: Error in connection establishment: net::ERR_CONNECTION_REFUSED @ http://localhost:3000/@vite/client:1034
[ 4226230ms] [ERROR] WebSocket connection to 'ws://localhost:3000/' failed: Error in connection establishment: net::ERR_CONNECTION_REFUSED @ http://localhost:3000/@vite/client:1034
[ 4229431ms] [ERROR] WebSocket connection to 'ws://localhost:3000/' failed: Error in connection establishment: net::ERR_CONNECTION_REFUSED @ http://localhost:3000/@vite/client:1034
[ 4230101ms] [ERROR] Failed to load resource: net::ERR_CONNECTION_REFUSED @ http://localhost:8000/api/v1/overview/doctor:0
[ 4230101ms] [ERROR] Failed to load resource: net::ERR_CONNECTION_REFUSED @ http://localhost:8000/api/v1/overview/kpi:0
[ 4234460ms] [ERROR] WebSocket connection to 'ws://localhost:3000/' failed: Error in connection establishment: net::ERR_CONNECTION_REFUSED @ http://localhost:3000/@vite/client:1034
[ 4237776ms] [ERROR] WebSocket connection to 'ws://localhost:3000/' failed: Error in connection establishment: net::ERR_CONNECTION_REFUSED @ http://localhost:3000/@vite/client:1034
[ 4242685ms] [ERROR] WebSocket connection to 'ws://localhost:3000/' failed: Error in connection establishment: net::ERR_CONNECTION_REFUSED @ http://localhost:3000/@vite/client:1034
[ 4245547ms] [ERROR] WebSocket connection to 'ws://localhost:3000/' failed: Error in connection establishment: net::ERR_CONNECTION_REFUSED @ http://localhost:3000/@vite/client:1034
[ 4250833ms] [ERROR] WebSocket connection to 'ws://localhost:3000/' failed: Error in connection establishment: net::ERR_CONNECTION_REFUSED @ http://localhost:3000/@vite/client:1034
[ 4255031ms] [ERROR] WebSocket connection to 'ws://localhost:3000/' failed: Error in connection establishment: net::ERR_CONNECTION_REFUSED @ http://localhost:3000/@vite/client:1034
[ 4259961ms] [ERROR] WebSocket connection to 'ws://localhost:3000/' failed: Error in connection establishment: net::ERR_CONNECTION_REFUSED @ http://localhost:3000/@vite/client:1034
[ 4260101ms] [ERROR] Failed to load resource: net::ERR_CONNECTION_REFUSED @ http://localhost:8000/api/v1/overview/doctor:0
[ 4260101ms] [ERROR] Failed to load resource: net::ERR_CONNECTION_REFUSED @ http://localhost:8000/api/v1/overview/kpi:0
[ 4262027ms] [ERROR] WebSocket connection to 'ws://localhost:3000/' failed: Error in connection establishment: net::ERR_CONNECTION_REFUSED @ http://localhost:3000/@vite/client:1034
[ 4266355ms] [ERROR] WebSocket connection to 'ws://localhost:3000/' failed: Error in connection establishment: net::ERR_CONNECTION_REFUSED @ http://localhost:3000/@vite/client:1034
[ 4271745ms] [ERROR] WebSocket connection to 'ws://localhost:3000/' failed: Error in connection establishment: net::ERR_CONNECTION_REFUSED @ http://localhost:3000/@vite/client:1034
[ 4274541ms] [ERROR] WebSocket connection to 'ws://localhost:3000/' failed: Error in connection establishment: net::ERR_CONNECTION_REFUSED @ http://localhost:3000/@vite/client:1034
[ 4279760ms] [ERROR] WebSocket connection to 'ws://localhost:3000/' failed: Error in connection establishment: net::ERR_CONNECTION_REFUSED @ http://localhost:3000/@vite/client:1034
[ 4283001ms] [ERROR] WebSocket connection to 'ws://localhost:3000/' failed: Error in connection establishment: net::ERR_CONNECTION_REFUSED @ http://localhost:3000/@vite/client:1034
[ 4285140ms] [ERROR] WebSocket connection to 'ws://localhost:3000/' failed: Error in connection establishment: net::ERR_CONNECTION_REFUSED @ http://localhost:3000/@vite/client:1034
[ 4290101ms] [ERROR] Failed to load resource: net::ERR_CONNECTION_REFUSED @ http://localhost:8000/api/v1/overview/doctor:0
[ 4290101ms] [ERROR] Failed to load resource: net::ERR_CONNECTION_REFUSED @ http://localhost:8000/api/v1/overview/kpi:0
[ 4290921ms] [ERROR] WebSocket connection to 'ws://localhost:3000/' failed: Error in connection establishment: net::ERR_CONNECTION_REFUSED @ http://localhost:3000/@vite/client:1034
[ 4296272ms] [ERROR] WebSocket connection to 'ws://localhost:3000/' failed: Error in connection establishment: net::ERR_CONNECTION_REFUSED @ http://localhost:3000/@vite/client:1034
[ 4301195ms] [ERROR] WebSocket connection to 'ws://localhost:3000/' failed: Error in connection establishment: net::ERR_CONNECTION_REFUSED @ http://localhost:3000/@vite/client:1034
[ 4303519ms] [ERROR] WebSocket connection to 'ws://localhost:3000/' failed: Error in connection establishment: net::ERR_CONNECTION_REFUSED @ http://localhost:3000/@vite/client:1034
[ 4309263ms] [ERROR] WebSocket connection to 'ws://localhost:3000/' failed: Error in connection establishment: net::ERR_CONNECTION_REFUSED @ http://localhost:3000/@vite/client:1034
[ 4314965ms] [ERROR] WebSocket connection to 'ws://localhost:3000/' failed: Error in connection establishment: net::ERR_CONNECTION_REFUSED @ http://localhost:3000/@vite/client:1034
[ 4319029ms] [ERROR] WebSocket connection to 'ws://localhost:3000/' failed: Error in connection establishment: net::ERR_CONNECTION_REFUSED @ http://localhost:3000/@vite/client:1034
[ 4320101ms] [ERROR] Failed to load resource: net::ERR_CONNECTION_REFUSED @ http://localhost:8000/api/v1/overview/doctor:0
[ 4320101ms] [ERROR] Failed to load resource: net::ERR_CONNECTION_REFUSED @ http://localhost:8000/api/v1/overview/kpi:0
[ 4324396ms] [ERROR] WebSocket connection to 'ws://localhost:3000/' failed: Error in connection establishment: net::ERR_CONNECTION_REFUSED @ http://localhost:3000/@vite/client:1034
[ 4330321ms] [ERROR] WebSocket connection to 'ws://localhost:3000/' failed: Error in connection establishment: net::ERR_CONNECTION_REFUSED @ http://localhost:3000/@vite/client:1034
[ 4335314ms] [ERROR] WebSocket connection to 'ws://localhost:3000/' failed: Error in connection establishment: net::ERR_CONNECTION_REFUSED @ http://localhost:3000/@vite/client:1034
[ 4340779ms] [ERROR] WebSocket connection to 'ws://localhost:3000/' failed: Error in connection establishment: net::ERR_CONNECTION_REFUSED @ http://localhost:3000/@vite/client:1034
[ 4344718ms] [ERROR] WebSocket connection to 'ws://localhost:3000/' failed: Error in connection establishment: net::ERR_CONNECTION_REFUSED @ http://localhost:3000/@vite/client:1034
[ 4348296ms] [ERROR] WebSocket connection to 'ws://localhost:3000/' failed: Error in connection establishment: net::ERR_CONNECTION_REFUSED @ http://localhost:3000/@vite/client:1034
[ 4350101ms] [ERROR] Failed to load resource: net::ERR_CONNECTION_REFUSED @ http://localhost:8000/api/v1/overview/doctor:0
[ 4350101ms] [ERROR] Failed to load resource: net::ERR_CONNECTION_REFUSED @ http://localhost:8000/api/v1/overview/kpi:0
[ 4351765ms] [ERROR] WebSocket connection to 'ws://localhost:3000/' failed: Error in connection establishment: net::ERR_CONNECTION_REFUSED @ http://localhost:3000/@vite/client:1034
[ 4353885ms] [ERROR] WebSocket connection to 'ws://localhost:3000/' failed: Error in connection establishment: net::ERR_CONNECTION_REFUSED @ http://localhost:3000/@vite/client:1034
[ 4358759ms] [ERROR] WebSocket connection to 'ws://localhost:3000/' failed: Error in connection establishment: net::ERR_CONNECTION_REFUSED @ http://localhost:3000/@vite/client:1034
[ 4363929ms] [ERROR] WebSocket connection to 'ws://localhost:3000/' failed: Error in connection establishment: net::ERR_CONNECTION_REFUSED @ http://localhost:3000/@vite/client:1034
[ 4369876ms] [ERROR] WebSocket connection to 'ws://localhost:3000/' failed: Error in connection establishment: net::ERR_CONNECTION_REFUSED @ http://localhost:3000/@vite/client:1034
[ 4371913ms] [ERROR] WebSocket connection to 'ws://localhost:3000/' failed: Error in connection establishment: net::ERR_CONNECTION_REFUSED @ http://localhost:3000/@vite/client:1034
[ 4374488ms] [ERROR] WebSocket connection to 'ws://localhost:3000/' failed: Error in connection establishment: net::ERR_CONNECTION_REFUSED @ http://localhost:3000/@vite/client:1034
[ 4378654ms] [ERROR] WebSocket connection to 'ws://localhost:3000/' failed: Error in connection establishment: net::ERR_CONNECTION_REFUSED @ http://localhost:3000/@vite/client:1034
[ 4380101ms] [ERROR] Failed to load resource: net::ERR_CONNECTION_REFUSED @ http://localhost:8000/api/v1/overview/doctor:0
[ 4380101ms] [ERROR] Failed to load resource: net::ERR_CONNECTION_REFUSED @ http://localhost:8000/api/v1/overview/kpi:0
[ 4380867ms] [ERROR] WebSocket connection to 'ws://localhost:3000/' failed: Error in connection establishment: net::ERR_CONNECTION_REFUSED @ http://localhost:3000/@vite/client:1034
[ 4386503ms] [ERROR] WebSocket connection to 'ws://localhost:3000/' failed: Error in connection establishment: net::ERR_CONNECTION_REFUSED @ http://localhost:3000/@vite/client:1034
[ 4390886ms] [ERROR] WebSocket connection to 'ws://localhost:3000/' failed: Error in connection establishment: net::ERR_CONNECTION_REFUSED @ http://localhost:3000/@vite/client:1034
[ 4393338ms] [ERROR] WebSocket connection to 'ws://localhost:3000/' failed: Error in connection establishment: net::ERR_CONNECTION_REFUSED @ http://localhost:3000/@vite/client:1034
[ 4395939ms] [ERROR] WebSocket connection to 'ws://localhost:3000/' failed: Error in connection establishment: net::ERR_CONNECTION_REFUSED @ http://localhost:3000/@vite/client:1034
[ 4398808ms] [ERROR] WebSocket connection to 'ws://localhost:3000/' failed: Error in connection establishment: net::ERR_CONNECTION_REFUSED @ http://localhost:3000/@vite/client:1034
[ 4401728ms] [ERROR] WebSocket connection to 'ws://localhost:3000/' failed: Error in connection establishment: net::ERR_CONNECTION_REFUSED @ http://localhost:3000/@vite/client:1034
[ 4405380ms] [ERROR] WebSocket connection to 'ws://localhost:3000/' failed: Error in connection establishment: net::ERR_CONNECTION_REFUSED @ http://localhost:3000/@vite/client:1034
[ 4409574ms] [ERROR] WebSocket connection to 'ws://localhost:3000/' failed: Error in connection establishment: net::ERR_CONNECTION_REFUSED @ http://localhost:3000/@vite/client:1034
[ 4410101ms] [ERROR] Failed to load resource: net::ERR_CONNECTION_REFUSED @ http://localhost:8000/api/v1/overview/doctor:0
[ 4410101ms] [ERROR] Failed to load resource: net::ERR_CONNECTION_REFUSED @ http://localhost:8000/api/v1/overview/kpi:0
[ 4412354ms] [ERROR] WebSocket connection to 'ws://localhost:3000/' failed: Error in connection establishment: net::ERR_CONNECTION_REFUSED @ http://localhost:3000/@vite/client:1034
[ 4416038ms] [ERROR] WebSocket connection to 'ws://localhost:3000/' failed: Error in connection establishment: net::ERR_CONNECTION_REFUSED @ http://localhost:3000/@vite/client:1034
[ 4421876ms] [ERROR] WebSocket connection to 'ws://localhost:3000/' failed: Error in connection establishment: net::ERR_CONNECTION_REFUSED @ http://localhost:3000/@vite/client:1034
[ 4425394ms] [ERROR] WebSocket connection to 'ws://localhost:3000/' failed: Error in connection establishment: net::ERR_CONNECTION_REFUSED @ http://localhost:3000/@vite/client:1034
[ 4430458ms] [ERROR] WebSocket connection to 'ws://localhost:3000/' failed: Error in connection establishment: net::ERR_CONNECTION_REFUSED @ http://localhost:3000/@vite/client:1034
[ 4435882ms] [ERROR] WebSocket connection to 'ws://localhost:3000/' failed: Error in connection establishment: net::ERR_CONNECTION_REFUSED @ http://localhost:3000/@vite/client:1034
[ 4440101ms] [ERROR] Failed to load resource: net::ERR_CONNECTION_REFUSED @ http://localhost:8000/api/v1/overview/doctor:0
[ 4440101ms] [ERROR] Failed to load resource: net::ERR_CONNECTION_REFUSED @ http://localhost:8000/api/v1/overview/kpi:0
[ 4440465ms] [ERROR] WebSocket connection to 'ws://localhost:3000/' failed: Error in connection establishment: net::ERR_CONNECTION_REFUSED @ http://localhost:3000/@vite/client:1034
[ 4442664ms] [ERROR] WebSocket connection to 'ws://localhost:3000/' failed: Error in connection establishment: net::ERR_CONNECTION_REFUSED @ http://localhost:3000/@vite/client:1034
[ 4444913ms] [ERROR] WebSocket connection to 'ws://localhost:3000/' failed: Error in connection establishment: net::ERR_CONNECTION_REFUSED @ http://localhost:3000/@vite/client:1034
[ 4447498ms] [ERROR] WebSocket connection to 'ws://localhost:3000/' failed: Error in connection establishment: net::ERR_CONNECTION_REFUSED @ http://localhost:3000/@vite/client:1034
[ 4453491ms] [ERROR] WebSocket connection to 'ws://localhost:3000/' failed: Error in connection establishment: net::ERR_CONNECTION_REFUSED @ http://localhost:3000/@vite/client:1034
[ 4455917ms] [ERROR] WebSocket connection to 'ws://localhost:3000/' failed: Error in connection establishment: net::ERR_CONNECTION_REFUSED @ http://localhost:3000/@vite/client:1034
[ 4459413ms] [ERROR] WebSocket connection to 'ws://localhost:3000/' failed: Error in connection establishment: net::ERR_CONNECTION_REFUSED @ http://localhost:3000/@vite/client:1034
[ 4462188ms] [ERROR] WebSocket connection to 'ws://localhost:3000/' failed: Error in connection establishment: net::ERR_CONNECTION_REFUSED @ http://localhost:3000/@vite/client:1034
[ 4466296ms] [ERROR] WebSocket connection to 'ws://localhost:3000/' failed: Error in connection establishment: net::ERR_CONNECTION_REFUSED @ http://localhost:3000/@vite/client:1034
[ 4468555ms] [ERROR] WebSocket connection to 'ws://localhost:3000/' failed: Error in connection establishment: net::ERR_CONNECTION_REFUSED @ http://localhost:3000/@vite/client:1034
[ 4470101ms] [ERROR] Failed to load resource: net::ERR_CONNECTION_REFUSED @ http://localhost:8000/api/v1/overview/doctor:0
[ 4470101ms] [ERROR] Failed to load resource: net::ERR_CONNECTION_REFUSED @ http://localhost:8000/api/v1/overview/kpi:0
[ 4472467ms] [ERROR] WebSocket connection to 'ws://localhost:3000/' failed: Error in connection establishment: net::ERR_CONNECTION_REFUSED @ http://localhost:3000/@vite/client:1034
[ 4477567ms] [ERROR] WebSocket connection to 'ws://localhost:3000/' failed: Error in connection establishment: net::ERR_CONNECTION_REFUSED @ http://localhost:3000/@vite/client:1034
[ 4483483ms] [ERROR] WebSocket connection to 'ws://localhost:3000/' failed: Error in connection establishment: net::ERR_CONNECTION_REFUSED @ http://localhost:3000/@vite/client:1034
[ 4488384ms] [ERROR] WebSocket connection to 'ws://localhost:3000/' failed: Error in connection establishment: net::ERR_CONNECTION_REFUSED @ http://localhost:3000/@vite/client:1034
[ 4491633ms] [ERROR] WebSocket connection to 'ws://localhost:3000/' failed: Error in connection establishment: net::ERR_CONNECTION_REFUSED @ http://localhost:3000/@vite/client:1034
[ 4496022ms] [ERROR] WebSocket connection to 'ws://localhost:3000/' failed: Error in connection establishment: net::ERR_CONNECTION_REFUSED @ http://localhost:3000/@vite/client:1034
[ 4497023ms] [ERROR] WebSocket connection to 'ws://localhost:3000/' failed: Error in connection establishment: net::ERR_CONNECTION_REFUSED @ http://localhost:3000/@vite/client:1034
[ 4498024ms] [ERROR] WebSocket connection to 'ws://localhost:3000/' failed: Error in connection establishment: net::ERR_CONNECTION_REFUSED @ http://localhost:3000/@vite/client:1034
[ 4499026ms] [ERROR] WebSocket connection to 'ws://localhost:3000/' failed: Error in connection establishment: net::ERR_CONNECTION_REFUSED @ http://localhost:3000/@vite/client:1034
[ 4500027ms] [ERROR] WebSocket connection to 'ws://localhost:3000/' failed: Error in connection establishment: net::ERR_CONNECTION_REFUSED @ http://localhost:3000/@vite/client:1034
[ 4500101ms] [ERROR] Failed to load resource: net::ERR_CONNECTION_REFUSED @ http://localhost:8000/api/v1/overview/doctor:0
[ 4500101ms] [ERROR] Failed to load resource: net::ERR_CONNECTION_REFUSED @ http://localhost:8000/api/v1/overview/kpi:0
[ 4501030ms] [ERROR] WebSocket connection to 'ws://localhost:3000/' failed: Error in connection establishment: net::ERR_CONNECTION_REFUSED @ http://localhost:3000/@vite/client:1034
[ 4502032ms] [ERROR] WebSocket connection to 'ws://localhost:3000/' failed: Error in connection establishment: net::ERR_CONNECTION_REFUSED @ http://localhost:3000/@vite/client:1034
[ 4503042ms] [ERROR] WebSocket connection to 'ws://localhost:3000/' failed: Error in connection establishment: net::ERR_CONNECTION_REFUSED @ http://localhost:3000/@vite/client:1034
[ 4504060ms] [ERROR] WebSocket connection to 'ws://localhost:3000/' failed: Error in connection establishment: net::ERR_CONNECTION_REFUSED @ http://localhost:3000/@vite/client:1034
[ 4505080ms] [ERROR] WebSocket connection to 'ws://localhost:3000/' failed: Error in connection establishment: net::ERR_CONNECTION_REFUSED @ http://localhost:3000/@vite/client:1034
[ 4506100ms] [ERROR] WebSocket connection to 'ws://localhost:3000/' failed: Error in connection establishment: net::ERR_CONNECTION_REFUSED @ http://localhost:3000/@vite/client:1034
[ 4507190ms] [ERROR] WebSocket connection to 'ws://localhost:3000/' failed: Error in connection establishment: net::ERR_CONNECTION_REFUSED @ http://localhost:3000/@vite/client:1034
[ 4508275ms] [ERROR] WebSocket connection to 'ws://localhost:3000/' failed: Error in connection establishment: net::ERR_CONNECTION_REFUSED @ http://localhost:3000/@vite/client:1034
[ 4509863ms] [ERROR] WebSocket connection to 'ws://localhost:3000/' failed: Error in connection establishment: net::ERR_CONNECTION_REFUSED @ http://localhost:3000/@vite/client:1034
[ 4511303ms] [ERROR] WebSocket connection to 'ws://localhost:3000/' failed: Error in connection establishment: net::ERR_CONNECTION_REFUSED @ http://localhost:3000/@vite/client:1034
[ 4514630ms] [ERROR] WebSocket connection to 'ws://localhost:3000/' failed: Error in connection establishment: net::ERR_CONNECTION_REFUSED @ http://localhost:3000/@vite/client:1034
[ 4520375ms] [ERROR] WebSocket connection to 'ws://localhost:3000/' failed: Error in connection establishment: net::ERR_CONNECTION_REFUSED @ http://localhost:3000/@vite/client:1034
[ 4523066ms] [ERROR] WebSocket connection to 'ws://localhost:3000/' failed: Error in connection establishment: net::ERR_CONNECTION_REFUSED @ http://localhost:3000/@vite/client:1034
[ 4526266ms] [ERROR] WebSocket connection to 'ws://localhost:3000/' failed: Error in connection establishment: net::ERR_CONNECTION_REFUSED @ http://localhost:3000/@vite/client:1034
[ 4528795ms] [ERROR] WebSocket connection to 'ws://localhost:3000/' failed: Error in connection establishment: net::ERR_CONNECTION_REFUSED @ http://localhost:3000/@vite/client:1034
[ 4530101ms] [ERROR] Failed to load resource: net::ERR_CONNECTION_REFUSED @ http://localhost:8000/api/v1/overview/doctor:0
[ 4530101ms] [ERROR] Failed to load resource: net::ERR_CONNECTION_REFUSED @ http://localhost:8000/api/v1/overview/kpi:0
[ 4532738ms] [ERROR] WebSocket connection to 'ws://localhost:3000/' failed: Error in connection establishment: net::ERR_CONNECTION_REFUSED @ http://localhost:3000/@vite/client:1034
[ 4536169ms] [ERROR] WebSocket connection to 'ws://localhost:3000/' failed: Error in connection establishment: net::ERR_CONNECTION_REFUSED @ http://localhost:3000/@vite/client:1034
[ 4540253ms] [ERROR] WebSocket connection to 'ws://localhost:3000/' failed: Error in connection establishment: net::ERR_CONNECTION_REFUSED @ http://localhost:3000/@vite/client:1034
[ 4546071ms] [ERROR] WebSocket connection to 'ws://localhost:3000/' failed: Error in connection establishment: net::ERR_CONNECTION_REFUSED @ http://localhost:3000/@vite/client:1034
[ 4548679ms] [ERROR] WebSocket connection to 'ws://localhost:3000/' failed: Error in connection establishment: net::ERR_CONNECTION_REFUSED @ http://localhost:3000/@vite/client:1034
[ 4554088ms] [ERROR] WebSocket connection to 'ws://localhost:3000/' failed: Error in connection establishment: net::ERR_CONNECTION_REFUSED @ http://localhost:3000/@vite/client:1034
[ 4558260ms] [ERROR] WebSocket connection to 'ws://localhost:3000/' failed: Error in connection establishment: net::ERR_CONNECTION_REFUSED @ http://localhost:3000/@vite/client:1034
[ 4560101ms] [ERROR] Failed to load resource: net::ERR_CONNECTION_REFUSED @ http://localhost:8000/api/v1/overview/doctor:0
[ 4560101ms] [ERROR] Failed to load resource: net::ERR_CONNECTION_REFUSED @ http://localhost:8000/api/v1/overview/kpi:0
[ 4561772ms] [ERROR] WebSocket connection to 'ws://localhost:3000/' failed: Error in connection establishment: net::ERR_CONNECTION_REFUSED @ http://localhost:3000/@vite/client:1034
[ 4564846ms] [ERROR] WebSocket connection to 'ws://localhost:3000/' failed: Error in connection establishment: net::ERR_CONNECTION_REFUSED @ http://localhost:3000/@vite/client:1034
[ 4569220ms] [ERROR] WebSocket connection to 'ws://localhost:3000/' failed: Error in connection establishment: net::ERR_CONNECTION_REFUSED @ http://localhost:3000/@vite/client:1034
[ 4572456ms] [ERROR] WebSocket connection to 'ws://localhost:3000/' failed: Error in connection establishment: net::ERR_CONNECTION_REFUSED @ http://localhost:3000/@vite/client:1034
[ 4577649ms] [ERROR] WebSocket connection to 'ws://localhost:3000/' failed: Error in connection establishment: net::ERR_CONNECTION_REFUSED @ http://localhost:3000/@vite/client:1034
[ 4583429ms] [ERROR] WebSocket connection to 'ws://localhost:3000/' failed: Error in connection establishment: net::ERR_CONNECTION_REFUSED @ http://localhost:3000/@vite/client:1034
[ 4586665ms] [ERROR] WebSocket connection to 'ws://localhost:3000/' failed: Error in connection establishment: net::ERR_CONNECTION_REFUSED @ http://localhost:3000/@vite/client:1034
[ 4590101ms] [ERROR] Failed to load resource: net::ERR_CONNECTION_REFUSED @ http://localhost:8000/api/v1/overview/doctor:0
[ 4590101ms] [ERROR] Failed to load resource: net::ERR_CONNECTION_REFUSED @ http://localhost:8000/api/v1/overview/kpi:0
[ 4591090ms] [ERROR] WebSocket connection to 'ws://localhost:3000/' failed: Error in connection establishment: net::ERR_CONNECTION_REFUSED @ http://localhost:3000/@vite/client:1034
[ 4595719ms] [ERROR] WebSocket connection to 'ws://localhost:3000/' failed: Error in connection establishment: net::ERR_CONNECTION_REFUSED @ http://localhost:3000/@vite/client:1034
[ 4600846ms] [ERROR] WebSocket connection to 'ws://localhost:3000/' failed: Error in connection establishment: net::ERR_CONNECTION_REFUSED @ http://localhost:3000/@vite/client:1034
[ 4604855ms] [ERROR] WebSocket connection to 'ws://localhost:3000/' failed: Error in connection establishment: net::ERR_CONNECTION_REFUSED @ http://localhost:3000/@vite/client:1034
[ 4607573ms] [ERROR] WebSocket connection to 'ws://localhost:3000/' failed: Error in connection establishment: net::ERR_CONNECTION_REFUSED @ http://localhost:3000/@vite/client:1034
[ 4612601ms] [ERROR] WebSocket connection to 'ws://localhost:3000/' failed: Error in connection establishment: net::ERR_CONNECTION_REFUSED @ http://localhost:3000/@vite/client:1034
[ 4614995ms] [ERROR] WebSocket connection to 'ws://localhost:3000/' failed: Error in connection establishment: net::ERR_CONNECTION_REFUSED @ http://localhost:3000/@vite/client:1034
[ 4617798ms] [ERROR] WebSocket connection to 'ws://localhost:3000/' failed: Error in connection establishment: net::ERR_CONNECTION_REFUSED @ http://localhost:3000/@vite/client:1034
[ 4619812ms] [ERROR] WebSocket connection to 'ws://localhost:3000/' failed: Error in connection establishment: net::ERR_CONNECTION_REFUSED @ http://localhost:3000/@vite/client:1034
[ 4620101ms] [ERROR] Failed to load resource: net::ERR_CONNECTION_REFUSED @ http://localhost:8000/api/v1/overview/doctor:0
[ 4620101ms] [ERROR] Failed to load resource: net::ERR_CONNECTION_REFUSED @ http://localhost:8000/api/v1/overview/kpi:0
[ 4623818ms] [ERROR] WebSocket connection to 'ws://localhost:3000/' failed: Error in connection establishment: net::ERR_CONNECTION_REFUSED @ http://localhost:3000/@vite/client:1034
[ 4626364ms] [ERROR] WebSocket connection to 'ws://localhost:3000/' failed: Error in connection establishment: net::ERR_CONNECTION_REFUSED @ http://localhost:3000/@vite/client:1034
[ 4629505ms] [ERROR] WebSocket connection to 'ws://localhost:3000/' failed: Error in connection establishment: net::ERR_CONNECTION_REFUSED @ http://localhost:3000/@vite/client:1034
[ 4631875ms] [ERROR] WebSocket connection to 'ws://localhost:3000/' failed: Error in connection establishment: net::ERR_CONNECTION_REFUSED @ http://localhost:3000/@vite/client:1034
[ 4634270ms] [ERROR] WebSocket connection to 'ws://localhost:3000/' failed: Error in connection establishment: net::ERR_CONNECTION_REFUSED @ http://localhost:3000/@vite/client:1034
[ 4637259ms] [ERROR] WebSocket connection to 'ws://localhost:3000/' failed: Error in connection establishment: net::ERR_CONNECTION_REFUSED @ http://localhost:3000/@vite/client:1034
[ 4641586ms] [ERROR] WebSocket connection to 'ws://localhost:3000/' failed: Error in connection establishment: net::ERR_CONNECTION_REFUSED @ http://localhost:3000/@vite/client:1034
[ 4644902ms] [ERROR] WebSocket connection to 'ws://localhost:3000/' failed: Error in connection establishment: net::ERR_CONNECTION_REFUSED @ http://localhost:3000/@vite/client:1034
[ 4650101ms] [ERROR] Failed to load resource: net::ERR_CONNECTION_REFUSED @ http://localhost:8000/api/v1/overview/doctor:0
[ 4650101ms] [ERROR] Failed to load resource: net::ERR_CONNECTION_REFUSED @ http://localhost:8000/api/v1/overview/kpi:0
[ 4650793ms] [ERROR] WebSocket connection to 'ws://localhost:3000/' failed: Error in connection establishment: net::ERR_CONNECTION_REFUSED @ http://localhost:3000/@vite/client:1034
[ 4655710ms] [ERROR] WebSocket connection to 'ws://localhost:3000/' failed: Error in connection establishment: net::ERR_CONNECTION_REFUSED @ http://localhost:3000/@vite/client:1034
[ 4658874ms] [ERROR] WebSocket connection to 'ws://localhost:3000/' failed: Error in connection establishment: net::ERR_CONNECTION_REFUSED @ http://localhost:3000/@vite/client:1034
[ 4663586ms] [ERROR] WebSocket connection to 'ws://localhost:3000/' failed: Error in connection establishment: net::ERR_CONNECTION_REFUSED @ http://localhost:3000/@vite/client:1034
[ 4666247ms] [ERROR] WebSocket connection to 'ws://localhost:3000/' failed: Error in connection establishment: net::ERR_CONNECTION_REFUSED @ http://localhost:3000/@vite/client:1034
[ 4668823ms] [ERROR] WebSocket connection to 'ws://localhost:3000/' failed: Error in connection establishment: net::ERR_CONNECTION_REFUSED @ http://localhost:3000/@vite/client:1034
[ 4671092ms] [ERROR] WebSocket connection to 'ws://localhost:3000/' failed: Error in connection establishment: net::ERR_CONNECTION_REFUSED @ http://localhost:3000/@vite/client:1034
[ 4674592ms] [ERROR] WebSocket connection to 'ws://localhost:3000/' failed: Error in connection establishment: net::ERR_CONNECTION_REFUSED @ http://localhost:3000/@vite/client:1034
[ 4678096ms] [ERROR] WebSocket connection to 'ws://localhost:3000/' failed: Error in connection establishment: net::ERR_CONNECTION_REFUSED @ http://localhost:3000/@vite/client:1034
[ 4680100ms] [ERROR] Failed to load resource: net::ERR_CONNECTION_REFUSED @ http://localhost:8000/api/v1/overview/doctor:0
[ 4680100ms] [ERROR] Failed to load resource: net::ERR_CONNECTION_REFUSED @ http://localhost:8000/api/v1/overview/kpi:0
[ 4683288ms] [ERROR] WebSocket connection to 'ws://localhost:3000/' failed: Error in connection establishment: net::ERR_CONNECTION_REFUSED @ http://localhost:3000/@vite/client:1034
[ 4685545ms] [ERROR] WebSocket connection to 'ws://localhost:3000/' failed: Error in connection establishment: net::ERR_CONNECTION_REFUSED @ http://localhost:3000/@vite/client:1034
[ 4690676ms] [ERROR] WebSocket connection to 'ws://localhost:3000/' failed: Error in connection establishment: net::ERR_CONNECTION_REFUSED @ http://localhost:3000/@vite/client:1034
[ 4692962ms] [ERROR] WebSocket connection to 'ws://localhost:3000/' failed: Error in connection establishment: net::ERR_CONNECTION_REFUSED @ http://localhost:3000/@vite/client:1034
[ 4698153ms] [ERROR] WebSocket connection to 'ws://localhost:3000/' failed: Error in connection establishment: net::ERR_CONNECTION_REFUSED @ http://localhost:3000/@vite/client:1034
[ 4700571ms] [ERROR] WebSocket connection to 'ws://localhost:3000/' failed: Error in connection establishment: net::ERR_CONNECTION_REFUSED @ http://localhost:3000/@vite/client:1034
[ 4704793ms] [ERROR] WebSocket connection to 'ws://localhost:3000/' failed: Error in connection establishment: net::ERR_CONNECTION_REFUSED @ http://localhost:3000/@vite/client:1034
[ 4710101ms] [ERROR] Failed to load resource: net::ERR_CONNECTION_REFUSED @ http://localhost:8000/api/v1/overview/doctor:0
[ 4710101ms] [ERROR] Failed to load resource: net::ERR_CONNECTION_REFUSED @ http://localhost:8000/api/v1/overview/kpi:0
[ 4710592ms] [ERROR] WebSocket connection to 'ws://localhost:3000/' failed: Error in connection establishment: net::ERR_CONNECTION_REFUSED @ http://localhost:3000/@vite/client:1034
[ 4716415ms] [ERROR] WebSocket connection to 'ws://localhost:3000/' failed: Error in connection establishment: net::ERR_CONNECTION_REFUSED @ http://localhost:3000/@vite/client:1034
[ 4719244ms] [ERROR] WebSocket connection to 'ws://localhost:3000/' failed: Error in connection establishment: net::ERR_CONNECTION_REFUSED @ http://localhost:3000/@vite/client:1034
[ 4724361ms] [ERROR] WebSocket connection to 'ws://localhost:3000/' failed: Error in connection establishment: net::ERR_CONNECTION_REFUSED @ http://localhost:3000/@vite/client:1034
[ 4728696ms] [ERROR] WebSocket connection to 'ws://localhost:3000/' failed: Error in connection establishment: net::ERR_CONNECTION_REFUSED @ http://localhost:3000/@vite/client:1034
[ 4733610ms] [ERROR] WebSocket connection to 'ws://localhost:3000/' failed: Error in connection establishment: net::ERR_CONNECTION_REFUSED @ http://localhost:3000/@vite/client:1034
[ 4738919ms] [ERROR] WebSocket connection to 'ws://localhost:3000/' failed: Error in connection establishment: net::ERR_CONNECTION_REFUSED @ http://localhost:3000/@vite/client:1034
[ 4740101ms] [ERROR] Failed to load resource: net::ERR_CONNECTION_REFUSED @ http://localhost:8000/api/v1/overview/doctor:0
[ 4740101ms] [ERROR] Failed to load resource: net::ERR_CONNECTION_REFUSED @ http://localhost:8000/api/v1/overview/kpi:0
[ 4743283ms] [ERROR] WebSocket connection to 'ws://localhost:3000/' failed: Error in connection establishment: net::ERR_CONNECTION_REFUSED @ http://localhost:3000/@vite/client:1034
[ 4748717ms] [ERROR] WebSocket connection to 'ws://localhost:3000/' failed: Error in connection establishment: net::ERR_CONNECTION_REFUSED @ http://localhost:3000/@vite/client:1034
[ 4751041ms] [ERROR] WebSocket connection to 'ws://localhost:3000/' failed: Error in connection establishment: net::ERR_CONNECTION_REFUSED @ http://localhost:3000/@vite/client:1034
[ 4755686ms] [ERROR] WebSocket connection to 'ws://localhost:3000/' failed: Error in connection establishment: net::ERR_CONNECTION_REFUSED @ http://localhost:3000/@vite/client:1034
[ 4759820ms] [ERROR] WebSocket connection to 'ws://localhost:3000/' failed: Error in connection establishment: net::ERR_CONNECTION_REFUSED @ http://localhost:3000/@vite/client:1034
[ 4762609ms] [ERROR] WebSocket connection to 'ws://localhost:3000/' failed: Error in connection establishment: net::ERR_CONNECTION_REFUSED @ http://localhost:3000/@vite/client:1034
[ 4767162ms] [ERROR] WebSocket connection to 'ws://localhost:3000/' failed: Error in connection establishment: net::ERR_CONNECTION_REFUSED @ http://localhost:3000/@vite/client:1034
[ 4770101ms] [ERROR] Failed to load resource: net::ERR_CONNECTION_REFUSED @ http://localhost:8000/api/v1/overview/doctor:0
[ 4770101ms] [ERROR] Failed to load resource: net::ERR_CONNECTION_REFUSED @ http://localhost:8000/api/v1/overview/kpi:0
[ 4772552ms] [ERROR] WebSocket connection to 'ws://localhost:3000/' failed: Error in connection establishment: net::ERR_CONNECTION_REFUSED @ http://localhost:3000/@vite/client:1034
[ 4775015ms] [ERROR] WebSocket connection to 'ws://localhost:3000/' failed: Error in connection establishment: net::ERR_CONNECTION_REFUSED @ http://localhost:3000/@vite/client:1034
[ 4777641ms] [ERROR] WebSocket connection to 'ws://localhost:3000/' failed: Error in connection establishment: net::ERR_CONNECTION_REFUSED @ http://localhost:3000/@vite/client:1034
[ 4781170ms] [ERROR] WebSocket connection to 'ws://localhost:3000/' failed: Error in connection establishment: net::ERR_CONNECTION_REFUSED @ http://localhost:3000/@vite/client:1034
[ 4786122ms] [ERROR] WebSocket connection to 'ws://localhost:3000/' failed: Error in connection establishment: net::ERR_CONNECTION_REFUSED @ http://localhost:3000/@vite/client:1034
[ 4788738ms] [ERROR] WebSocket connection to 'ws://localhost:3000/' failed: Error in connection establishment: net::ERR_CONNECTION_REFUSED @ http://localhost:3000/@vite/client:1034
[ 4792892ms] [ERROR] WebSocket connection to 'ws://localhost:3000/' failed: Error in connection establishment: net::ERR_CONNECTION_REFUSED @ http://localhost:3000/@vite/client:1034
[ 4795621ms] [ERROR] WebSocket connection to 'ws://localhost:3000/' failed: Error in connection establishment: net::ERR_CONNECTION_REFUSED @ http://localhost:3000/@vite/client:1034
[ 4798370ms] [ERROR] WebSocket connection to 'ws://localhost:3000/' failed: Error in connection establishment: net::ERR_CONNECTION_REFUSED @ http://localhost:3000/@vite/client:1034
[ 4800101ms] [ERROR] Failed to load resource: net::ERR_CONNECTION_REFUSED @ http://localhost:8000/api/v1/overview/doctor:0
[ 4800101ms] [ERROR] Failed to load resource: net::ERR_CONNECTION_REFUSED @ http://localhost:8000/api/v1/overview/kpi:0
[ 4802065ms] [ERROR] WebSocket connection to 'ws://localhost:3000/' failed: Error in connection establishment: net::ERR_CONNECTION_REFUSED @ http://localhost:3000/@vite/client:1034
[ 4807198ms] [ERROR] WebSocket connection to 'ws://localhost:3000/' failed: Error in connection establishment: net::ERR_CONNECTION_REFUSED @ http://localhost:3000/@vite/client:1034
[ 4812842ms] [ERROR] WebSocket connection to 'ws://localhost:3000/' failed: Error in connection establishment: net::ERR_CONNECTION_REFUSED @ http://localhost:3000/@vite/client:1034
[ 4814989ms] [ERROR] WebSocket connection to 'ws://localhost:3000/' failed: Error in connection establishment: net::ERR_CONNECTION_REFUSED @ http://localhost:3000/@vite/client:1034
[ 4820299ms] [ERROR] WebSocket connection to 'ws://localhost:3000/' failed: Error in connection establishment: net::ERR_CONNECTION_REFUSED @ http://localhost:3000/@vite/client:1034
[ 4823753ms] [ERROR] WebSocket connection to 'ws://localhost:3000/' failed: Error in connection establishment: net::ERR_CONNECTION_REFUSED @ http://localhost:3000/@vite/client:1034
[ 4829065ms] [ERROR] WebSocket connection to 'ws://localhost:3000/' failed: Error in connection establishment: net::ERR_CONNECTION_REFUSED @ http://localhost:3000/@vite/client:1034
[ 4830101ms] [ERROR] Failed to load resource: net::ERR_CONNECTION_REFUSED @ http://localhost:8000/api/v1/overview/doctor:0
[ 4830101ms] [ERROR] Failed to load resource: net::ERR_CONNECTION_REFUSED @ http://localhost:8000/api/v1/overview/kpi:0
[ 4832523ms] [ERROR] WebSocket connection to 'ws://localhost:3000/' failed: Error in connection establishment: net::ERR_CONNECTION_REFUSED @ http://localhost:3000/@vite/client:1034
[ 4835902ms] [ERROR] WebSocket connection to 'ws://localhost:3000/' failed: Error in connection establishment: net::ERR_CONNECTION_REFUSED @ http://localhost:3000/@vite/client:1034
[ 4841562ms] [ERROR] WebSocket connection to 'ws://localhost:3000/' failed: Error in connection establishment: net::ERR_CONNECTION_REFUSED @ http://localhost:3000/@vite/client:1034
[ 4843676ms] [ERROR] WebSocket connection to 'ws://localhost:3000/' failed: Error in connection establishment: net::ERR_CONNECTION_REFUSED @ http://localhost:3000/@vite/client:1034
[ 4848781ms] [ERROR] WebSocket connection to 'ws://localhost:3000/' failed: Error in connection establishment: net::ERR_CONNECTION_REFUSED @ http://localhost:3000/@vite/client:1034
[ 4854344ms] [ERROR] WebSocket connection to 'ws://localhost:3000/' failed: Error in connection establishment: net::ERR_CONNECTION_REFUSED @ http://localhost:3000/@vite/client:1034
[ 4857974ms] [ERROR] WebSocket connection to 'ws://localhost:3000/' failed: Error in connection establishment: net::ERR_CONNECTION_REFUSED @ http://localhost:3000/@vite/client:1034
[ 4860101ms] [ERROR] Failed to load resource: net::ERR_CONNECTION_REFUSED @ http://localhost:8000/api/v1/overview/doctor:0
[ 4860101ms] [ERROR] Failed to load resource: net::ERR_CONNECTION_REFUSED @ http://localhost:8000/api/v1/overview/kpi:0
[ 4863432ms] [ERROR] WebSocket connection to 'ws://localhost:3000/' failed: Error in connection establishment: net::ERR_CONNECTION_REFUSED @ http://localhost:3000/@vite/client:1034
[ 4867642ms] [ERROR] WebSocket connection to 'ws://localhost:3000/' failed: Error in connection establishment: net::ERR_CONNECTION_REFUSED @ http://localhost:3000/@vite/client:1034
[ 4870391ms] [ERROR] WebSocket connection to 'ws://localhost:3000/' failed: Error in connection establishment: net::ERR_CONNECTION_REFUSED @ http://localhost:3000/@vite/client:1034
[ 4873077ms] [ERROR] WebSocket connection to 'ws://localhost:3000/' failed: Error in connection establishment: net::ERR_CONNECTION_REFUSED @ http://localhost:3000/@vite/client:1034
[ 4876590ms] [ERROR] WebSocket connection to 'ws://localhost:3000/' failed: Error in connection establishment: net::ERR_CONNECTION_REFUSED @ http://localhost:3000/@vite/client:1034
[ 4880535ms] [ERROR] WebSocket connection to 'ws://localhost:3000/' failed: Error in connection establishment: net::ERR_CONNECTION_REFUSED @ http://localhost:3000/@vite/client:1034
[ 4884456ms] [ERROR] WebSocket connection to 'ws://localhost:3000/' failed: Error in connection establishment: net::ERR_CONNECTION_REFUSED @ http://localhost:3000/@vite/client:1034
[ 4888006ms] [ERROR] WebSocket connection to 'ws://localhost:3000/' failed: Error in connection establishment: net::ERR_CONNECTION_REFUSED @ http://localhost:3000/@vite/client:1034
[ 4890101ms] [ERROR] Failed to load resource: net::ERR_CONNECTION_REFUSED @ http://localhost:8000/api/v1/overview/doctor:0
[ 4890101ms] [ERROR] Failed to load resource: net::ERR_CONNECTION_REFUSED @ http://localhost:8000/api/v1/overview/kpi:0
[ 4891947ms] [ERROR] WebSocket connection to 'ws://localhost:3000/' failed: Error in connection establishment: net::ERR_CONNECTION_REFUSED @ http://localhost:3000/@vite/client:1034
[ 4896898ms] [ERROR] WebSocket connection to 'ws://localhost:3000/' failed: Error in connection establishment: net::ERR_CONNECTION_REFUSED @ http://localhost:3000/@vite/client:1034
[ 4899678ms] [ERROR] WebSocket connection to 'ws://localhost:3000/' failed: Error in connection establishment: net::ERR_CONNECTION_REFUSED @ http://localhost:3000/@vite/client:1034
[ 4904693ms] [ERROR] WebSocket connection to 'ws://localhost:3000/' failed: Error in connection establishment: net::ERR_CONNECTION_REFUSED @ http://localhost:3000/@vite/client:1034
[ 4909358ms] [ERROR] WebSocket connection to 'ws://localhost:3000/' failed: Error in connection establishment: net::ERR_CONNECTION_REFUSED @ http://localhost:3000/@vite/client:1034
[ 4914865ms] [ERROR] WebSocket connection to 'ws://localhost:3000/' failed: Error in connection establishment: net::ERR_CONNECTION_REFUSED @ http://localhost:3000/@vite/client:1034
[ 4919739ms] [ERROR] WebSocket connection to 'ws://localhost:3000/' failed: Error in connection establishment: net::ERR_CONNECTION_REFUSED @ http://localhost:3000/@vite/client:1034
[ 4920100ms] [ERROR] Failed to load resource: net::ERR_CONNECTION_REFUSED @ http://localhost:8000/api/v1/overview/doctor:0
[ 4920101ms] [ERROR] Failed to load resource: net::ERR_CONNECTION_REFUSED @ http://localhost:8000/api/v1/overview/kpi:0
[ 4921784ms] [ERROR] WebSocket connection to 'ws://localhost:3000/' failed: Error in connection establishment: net::ERR_CONNECTION_REFUSED @ http://localhost:3000/@vite/client:1034
[ 4927718ms] [ERROR] WebSocket connection to 'ws://localhost:3000/' failed: Error in connection establishment: net::ERR_CONNECTION_REFUSED @ http://localhost:3000/@vite/client:1034
[ 4931263ms] [ERROR] WebSocket connection to 'ws://localhost:3000/' failed: Error in connection establishment: net::ERR_CONNECTION_REFUSED @ http://localhost:3000/@vite/client:1034
[ 4933861ms] [ERROR] WebSocket connection to 'ws://localhost:3000/' failed: Error in connection establishment: net::ERR_CONNECTION_REFUSED @ http://localhost:3000/@vite/client:1034
[ 4938050ms] [ERROR] WebSocket connection to 'ws://localhost:3000/' failed: Error in connection establishment: net::ERR_CONNECTION_REFUSED @ http://localhost:3000/@vite/client:1034
[ 4943860ms] [ERROR] WebSocket connection to 'ws://localhost:3000/' failed: Error in connection establishment: net::ERR_CONNECTION_REFUSED @ http://localhost:3000/@vite/client:1034
[ 4946690ms] [ERROR] WebSocket connection to 'ws://localhost:3000/' failed: Error in connection establishment: net::ERR_CONNECTION_REFUSED @ http://localhost:3000/@vite/client:1034
[ 4950101ms] [ERROR] Failed to load resource: net::ERR_CONNECTION_REFUSED @ http://localhost:8000/api/v1/overview/doctor:0
[ 4950101ms] [ERROR] Failed to load resource: net::ERR_CONNECTION_REFUSED @ http://localhost:8000/api/v1/overview/kpi:0
[ 4952671ms] [ERROR] WebSocket connection to 'ws://localhost:3000/' failed: Error in connection establishment: net::ERR_CONNECTION_REFUSED @ http://localhost:3000/@vite/client:1034
[ 4957829ms] [ERROR] WebSocket connection to 'ws://localhost:3000/' failed: Error in connection establishment: net::ERR_CONNECTION_REFUSED @ http://localhost:3000/@vite/client:1034
[ 4961029ms] [ERROR] WebSocket connection to 'ws://localhost:3000/' failed: Error in connection establishment: net::ERR_CONNECTION_REFUSED @ http://localhost:3000/@vite/client:1034
[ 4966224ms] [ERROR] WebSocket connection to 'ws://localhost:3000/' failed: Error in connection establishment: net::ERR_CONNECTION_REFUSED @ http://localhost:3000/@vite/client:1034
[ 4971449ms] [ERROR] WebSocket connection to 'ws://localhost:3000/' failed: Error in connection establishment: net::ERR_CONNECTION_REFUSED @ http://localhost:3000/@vite/client:1034
[ 4976905ms] [ERROR] WebSocket connection to 'ws://localhost:3000/' failed: Error in connection establishment: net::ERR_CONNECTION_REFUSED @ http://localhost:3000/@vite/client:1034
[ 4977906ms] [ERROR] WebSocket connection to 'ws://localhost:3000/' failed: Error in connection establishment: net::ERR_CONNECTION_REFUSED @ http://localhost:3000/@vite/client:1034
[ 4978908ms] [ERROR] WebSocket connection to 'ws://localhost:3000/' failed: Error in connection establishment: net::ERR_CONNECTION_REFUSED @ http://localhost:3000/@vite/client:1034
[ 4979910ms] [ERROR] WebSocket connection to 'ws://localhost:3000/' failed: Error in connection establishment: net::ERR_CONNECTION_REFUSED @ http://localhost:3000/@vite/client:1034
[ 4980101ms] [ERROR] Failed to load resource: net::ERR_CONNECTION_REFUSED @ http://localhost:8000/api/v1/overview/doctor:0
[ 4980101ms] [ERROR] Failed to load resource: net::ERR_CONNECTION_REFUSED @ http://localhost:8000/api/v1/overview/kpi:0
[ 4980911ms] [ERROR] WebSocket connection to 'ws://localhost:3000/' failed: Error in connection establishment: net::ERR_CONNECTION_REFUSED @ http://localhost:3000/@vite/client:1034
[ 4981913ms] [ERROR] WebSocket connection to 'ws://localhost:3000/' failed: Error in connection establishment: net::ERR_CONNECTION_REFUSED @ http://localhost:3000/@vite/client:1034
[ 4982916ms] [ERROR] WebSocket connection to 'ws://localhost:3000/' failed: Error in connection establishment: net::ERR_CONNECTION_REFUSED @ http://localhost:3000/@vite/client:1034
[ 4983919ms] [ERROR] WebSocket connection to 'ws://localhost:3000/' failed: Error in connection establishment: net::ERR_CONNECTION_REFUSED @ http://localhost:3000/@vite/client:1034
[ 4984928ms] [ERROR] WebSocket connection to 'ws://localhost:3000/' failed: Error in connection establishment: net::ERR_CONNECTION_REFUSED @ http://localhost:3000/@vite/client:1034
[ 4985966ms] [ERROR] WebSocket connection to 'ws://localhost:3000/' failed: Error in connection establishment: net::ERR_CONNECTION_REFUSED @ http://localhost:3000/@vite/client:1034
[ 4987026ms] [ERROR] WebSocket connection to 'ws://localhost:3000/' failed: Error in connection establishment: net::ERR_CONNECTION_REFUSED @ http://localhost:3000/@vite/client:1034
[ 4988183ms] [ERROR] WebSocket connection to 'ws://localhost:3000/' failed: Error in connection establishment: net::ERR_CONNECTION_REFUSED @ http://localhost:3000/@vite/client:1034
[ 4989440ms] [ERROR] WebSocket connection to 'ws://localhost:3000/' failed: Error in connection establishment: net::ERR_CONNECTION_REFUSED @ http://localhost:3000/@vite/client:1034
[ 4990892ms] [ERROR] WebSocket connection to 'ws://localhost:3000/' failed: Error in connection establishment: net::ERR_CONNECTION_REFUSED @ http://localhost:3000/@vite/client:1034
[ 4993142ms] [ERROR] WebSocket connection to 'ws://localhost:3000/' failed: Error in connection establishment: net::ERR_CONNECTION_REFUSED @ http://localhost:3000/@vite/client:1034
[ 4995649ms] [ERROR] WebSocket connection to 'ws://localhost:3000/' failed: Error in connection establishment: net::ERR_CONNECTION_REFUSED @ http://localhost:3000/@vite/client:1034
[ 4999206ms] [ERROR] WebSocket connection to 'ws://localhost:3000/' failed: Error in connection establishment: net::ERR_CONNECTION_REFUSED @ http://localhost:3000/@vite/client:1034
[ 5003829ms] [ERROR] WebSocket connection to 'ws://localhost:3000/' failed: Error in connection establishment: net::ERR_CONNECTION_REFUSED @ http://localhost:3000/@vite/client:1034
[ 5008931ms] [ERROR] WebSocket connection to 'ws://localhost:3000/' failed: Error in connection establishment: net::ERR_CONNECTION_REFUSED @ http://localhost:3000/@vite/client:1034
[ 5010101ms] [ERROR] Failed to load resource: net::ERR_CONNECTION_REFUSED @ http://localhost:8000/api/v1/overview/doctor:0
[ 5010101ms] [ERROR] Failed to load resource: net::ERR_CONNECTION_REFUSED @ http://localhost:8000/api/v1/overview/kpi:0
[ 5013450ms] [ERROR] WebSocket connection to 'ws://localhost:3000/' failed: Error in connection establishment: net::ERR_CONNECTION_REFUSED @ http://localhost:3000/@vite/client:1034
[ 5018769ms] [ERROR] WebSocket connection to 'ws://localhost:3000/' failed: Error in connection establishment: net::ERR_CONNECTION_REFUSED @ http://localhost:3000/@vite/client:1034
[ 5022068ms] [ERROR] WebSocket connection to 'ws://localhost:3000/' failed: Error in connection establishment: net::ERR_CONNECTION_REFUSED @ http://localhost:3000/@vite/client:1034
[ 5025188ms] [ERROR] WebSocket connection to 'ws://localhost:3000/' failed: Error in connection establishment: net::ERR_CONNECTION_REFUSED @ http://localhost:3000/@vite/client:1034
[ 5029400ms] [ERROR] WebSocket connection to 'ws://localhost:3000/' failed: Error in connection establishment: net::ERR_CONNECTION_REFUSED @ http://localhost:3000/@vite/client:1034
[ 5035129ms] [ERROR] WebSocket connection to 'ws://localhost:3000/' failed: Error in connection establishment: net::ERR_CONNECTION_REFUSED @ http://localhost:3000/@vite/client:1034
[ 5037867ms] [ERROR] WebSocket connection to 'ws://localhost:3000/' failed: Error in connection establishment: net::ERR_CONNECTION_REFUSED @ http://localhost:3000/@vite/client:1034
[ 5040101ms] [ERROR] Failed to load resource: net::ERR_CONNECTION_REFUSED @ http://localhost:8000/api/v1/overview/doctor:0
[ 5040101ms] [ERROR] Failed to load resource: net::ERR_CONNECTION_REFUSED @ http://localhost:8000/api/v1/overview/kpi:0
[ 5043848ms] [ERROR] WebSocket connection to 'ws://localhost:3000/' failed: Error in connection establishment: net::ERR_CONNECTION_REFUSED @ http://localhost:3000/@vite/client:1034
[ 5047348ms] [ERROR] WebSocket connection to 'ws://localhost:3000/' failed: Error in connection establishment: net::ERR_CONNECTION_REFUSED @ http://localhost:3000/@vite/client:1034
[ 5051951ms] [ERROR] WebSocket connection to 'ws://localhost:3000/' failed: Error in connection establishment: net::ERR_CONNECTION_REFUSED @ http://localhost:3000/@vite/client:1034
[ 5056107ms] [ERROR] WebSocket connection to 'ws://localhost:3000/' failed: Error in connection establishment: net::ERR_CONNECTION_REFUSED @ http://localhost:3000/@vite/client:1034
[ 5060701ms] [ERROR] WebSocket connection to 'ws://localhost:3000/' failed: Error in connection establishment: net::ERR_CONNECTION_REFUSED @ http://localhost:3000/@vite/client:1034
[ 5066401ms] [ERROR] WebSocket connection to 'ws://localhost:3000/' failed: Error in connection establishment: net::ERR_CONNECTION_REFUSED @ http://localhost:3000/@vite/client:1034
[ 5068585ms] [ERROR] WebSocket connection to 'ws://localhost:3000/' failed: Error in connection establishment: net::ERR_CONNECTION_REFUSED @ http://localhost:3000/@vite/client:1034
[ 5070101ms] [ERROR] Failed to load resource: net::ERR_CONNECTION_REFUSED @ http://localhost:8000/api/v1/overview/doctor:0
[ 5070101ms] [ERROR] Failed to load resource: net::ERR_CONNECTION_REFUSED @ http://localhost:8000/api/v1/overview/kpi:0
[ 5071719ms] [ERROR] WebSocket connection to 'ws://localhost:3000/' failed: Error in connection establishment: net::ERR_CONNECTION_REFUSED @ http://localhost:3000/@vite/client:1034
[ 5075964ms] [ERROR] WebSocket connection to 'ws://localhost:3000/' failed: Error in connection establishment: net::ERR_CONNECTION_REFUSED @ http://localhost:3000/@vite/client:1034
[ 5080582ms] [ERROR] WebSocket connection to 'ws://localhost:3000/' failed: Error in connection establishment: net::ERR_CONNECTION_REFUSED @ http://localhost:3000/@vite/client:1034
[ 5084771ms] [ERROR] WebSocket connection to 'ws://localhost:3000/' failed: Error in connection establishment: net::ERR_CONNECTION_REFUSED @ http://localhost:3000/@vite/client:1034
[ 5087517ms] [ERROR] WebSocket connection to 'ws://localhost:3000/' failed: Error in connection establishment: net::ERR_CONNECTION_REFUSED @ http://localhost:3000/@vite/client:1034
[ 5090538ms] [ERROR] WebSocket connection to 'ws://localhost:3000/' failed: Error in connection establishment: net::ERR_CONNECTION_REFUSED @ http://localhost:3000/@vite/client:1034
[ 5095979ms] [ERROR] WebSocket connection to 'ws://localhost:3000/' failed: Error in connection establishment: net::ERR_CONNECTION_REFUSED @ http://localhost:3000/@vite/client:1034
[ 5099201ms] [ERROR] WebSocket connection to 'ws://localhost:3000/' failed: Error in connection establishment: net::ERR_CONNECTION_REFUSED @ http://localhost:3000/@vite/client:1034
[ 5100101ms] [ERROR] Failed to load resource: net::ERR_CONNECTION_REFUSED @ http://localhost:8000/api/v1/overview/doctor:0
[ 5100101ms] [ERROR] Failed to load resource: net::ERR_CONNECTION_REFUSED @ http://localhost:8000/api/v1/overview/kpi:0
[ 5101589ms] [ERROR] WebSocket connection to 'ws://localhost:3000/' failed: Error in connection establishment: net::ERR_CONNECTION_REFUSED @ http://localhost:3000/@vite/client:1034
[ 5107161ms] [ERROR] WebSocket connection to 'ws://localhost:3000/' failed: Error in connection establishment: net::ERR_CONNECTION_REFUSED @ http://localhost:3000/@vite/client:1034
[ 5110225ms] [ERROR] WebSocket connection to 'ws://localhost:3000/' failed: Error in connection establishment: net::ERR_CONNECTION_REFUSED @ http://localhost:3000/@vite/client:1034
[ 5114304ms] [ERROR] WebSocket connection to 'ws://localhost:3000/' failed: Error in connection establishment: net::ERR_CONNECTION_REFUSED @ http://localhost:3000/@vite/client:1034
[ 5118312ms] [ERROR] WebSocket connection to 'ws://localhost:3000/' failed: Error in connection establishment: net::ERR_CONNECTION_REFUSED @ http://localhost:3000/@vite/client:1034
[ 5120668ms] [ERROR] WebSocket connection to 'ws://localhost:3000/' failed: Error in connection establishment: net::ERR_CONNECTION_REFUSED @ http://localhost:3000/@vite/client:1034
[ 5124238ms] [ERROR] WebSocket connection to 'ws://localhost:3000/' failed: Error in connection establishment: net::ERR_CONNECTION_REFUSED @ http://localhost:3000/@vite/client:1034
[ 5127083ms] [ERROR] WebSocket connection to 'ws://localhost:3000/' failed: Error in connection establishment: net::ERR_CONNECTION_REFUSED @ http://localhost:3000/@vite/client:1034
[ 5130101ms] [ERROR] Failed to load resource: net::ERR_CONNECTION_REFUSED @ http://localhost:8000/api/v1/overview/doctor:0
[ 5130101ms] [ERROR] Failed to load resource: net::ERR_CONNECTION_REFUSED @ http://localhost:8000/api/v1/overview/kpi:0
[ 5132549ms] [ERROR] WebSocket connection to 'ws://localhost:3000/' failed: Error in connection establishment: net::ERR_CONNECTION_REFUSED @ http://localhost:3000/@vite/client:1034
[ 5135082ms] [ERROR] WebSocket connection to 'ws://localhost:3000/' failed: Error in connection establishment: net::ERR_CONNECTION_REFUSED @ http://localhost:3000/@vite/client:1034
[ 5139801ms] [ERROR] WebSocket connection to 'ws://localhost:3000/' failed: Error in connection establishment: net::ERR_CONNECTION_REFUSED @ http://localhost:3000/@vite/client:1034
[ 5143851ms] [ERROR] WebSocket connection to 'ws://localhost:3000/' failed: Error in connection establishment: net::ERR_CONNECTION_REFUSED @ http://localhost:3000/@vite/client:1034
[ 5149504ms] [ERROR] WebSocket connection to 'ws://localhost:3000/' failed: Error in connection establishment: net::ERR_CONNECTION_REFUSED @ http://localhost:3000/@vite/client:1034
[ 5152082ms] [ERROR] WebSocket connection to 'ws://localhost:3000/' failed: Error in connection establishment: net::ERR_CONNECTION_REFUSED @ http://localhost:3000/@vite/client:1034
[ 5155187ms] [ERROR] WebSocket connection to 'ws://localhost:3000/' failed: Error in connection establishment: net::ERR_CONNECTION_REFUSED @ http://localhost:3000/@vite/client:1034
[ 5158257ms] [ERROR] WebSocket connection to 'ws://localhost:3000/' failed: Error in connection establishment: net::ERR_CONNECTION_REFUSED @ http://localhost:3000/@vite/client:1034
[ 5160101ms] [ERROR] Failed to load resource: net::ERR_CONNECTION_REFUSED @ http://localhost:8000/api/v1/overview/doctor:0
[ 5160101ms] [ERROR] Failed to load resource: net::ERR_CONNECTION_REFUSED @ http://localhost:8000/api/v1/overview/kpi:0
[ 5162720ms] [ERROR] WebSocket connection to 'ws://localhost:3000/' failed: Error in connection establishment: net::ERR_CONNECTION_REFUSED @ http://localhost:3000/@vite/client:1034
[ 5165675ms] [ERROR] WebSocket connection to 'ws://localhost:3000/' failed: Error in connection establishment: net::ERR_CONNECTION_REFUSED @ http://localhost:3000/@vite/client:1034
[ 5168240ms] [ERROR] WebSocket connection to 'ws://localhost:3000/' failed: Error in connection establishment: net::ERR_CONNECTION_REFUSED @ http://localhost:3000/@vite/client:1034
[ 5170484ms] [ERROR] WebSocket connection to 'ws://localhost:3000/' failed: Error in connection establishment: net::ERR_CONNECTION_REFUSED @ http://localhost:3000/@vite/client:1034
[ 5174007ms] [ERROR] WebSocket connection to 'ws://localhost:3000/' failed: Error in connection establishment: net::ERR_CONNECTION_REFUSED @ http://localhost:3000/@vite/client:1034
[ 5176332ms] [ERROR] WebSocket connection to 'ws://localhost:3000/' failed: Error in connection establishment: net::ERR_CONNECTION_REFUSED @ http://localhost:3000/@vite/client:1034
[ 5178996ms] [ERROR] WebSocket connection to 'ws://localhost:3000/' failed: Error in connection establishment: net::ERR_CONNECTION_REFUSED @ http://localhost:3000/@vite/client:1034
[ 5181900ms] [ERROR] WebSocket connection to 'ws://localhost:3000/' failed: Error in connection establishment: net::ERR_CONNECTION_REFUSED @ http://localhost:3000/@vite/client:1034
[ 5185169ms] [ERROR] WebSocket connection to 'ws://localhost:3000/' failed: Error in connection establishment: net::ERR_CONNECTION_REFUSED @ http://localhost:3000/@vite/client:1034
[ 5190101ms] [ERROR] Failed to load resource: net::ERR_CONNECTION_REFUSED @ http://localhost:8000/api/v1/overview/doctor:0
[ 5190101ms] [ERROR] Failed to load resource: net::ERR_CONNECTION_REFUSED @ http://localhost:8000/api/v1/overview/kpi:0
[ 5191144ms] [ERROR] WebSocket connection to 'ws://localhost:3000/' failed: Error in connection establishment: net::ERR_CONNECTION_REFUSED @ http://localhost:3000/@vite/client:1034
[ 5195022ms] [ERROR] WebSocket connection to 'ws://localhost:3000/' failed: Error in connection establishment: net::ERR_CONNECTION_REFUSED @ http://localhost:3000/@vite/client:1034
[ 5197931ms] [ERROR] WebSocket connection to 'ws://localhost:3000/' failed: Error in connection establishment: net::ERR_CONNECTION_REFUSED @ http://localhost:3000/@vite/client:1034
[ 5200985ms] [ERROR] WebSocket connection to 'ws://localhost:3000/' failed: Error in connection establishment: net::ERR_CONNECTION_REFUSED @ http://localhost:3000/@vite/client:1034
[ 5205569ms] [ERROR] WebSocket connection to 'ws://localhost:3000/' failed: Error in connection establishment: net::ERR_CONNECTION_REFUSED @ http://localhost:3000/@vite/client:1034
[ 5209005ms] [ERROR] WebSocket connection to 'ws://localhost:3000/' failed: Error in connection establishment: net::ERR_CONNECTION_REFUSED @ http://localhost:3000/@vite/client:1034
[ 5214719ms] [ERROR] WebSocket connection to 'ws://localhost:3000/' failed: Error in connection establishment: net::ERR_CONNECTION_REFUSED @ http://localhost:3000/@vite/client:1034
[ 5218808ms] [ERROR] WebSocket connection to 'ws://localhost:3000/' failed: Error in connection establishment: net::ERR_CONNECTION_REFUSED @ http://localhost:3000/@vite/client:1034
[ 5220101ms] [ERROR] Failed to load resource: net::ERR_CONNECTION_REFUSED @ http://localhost:8000/api/v1/overview/doctor:0
[ 5220101ms] [ERROR] Failed to load resource: net::ERR_CONNECTION_REFUSED @ http://localhost:8000/api/v1/overview/kpi:0
[ 5222307ms] [ERROR] WebSocket connection to 'ws://localhost:3000/' failed: Error in connection establishment: net::ERR_CONNECTION_REFUSED @ http://localhost:3000/@vite/client:1034
[ 5226040ms] [ERROR] WebSocket connection to 'ws://localhost:3000/' failed: Error in connection establishment: net::ERR_CONNECTION_REFUSED @ http://localhost:3000/@vite/client:1034
[ 5230013ms] [ERROR] WebSocket connection to 'ws://localhost:3000/' failed: Error in connection establishment: net::ERR_CONNECTION_REFUSED @ http://localhost:3000/@vite/client:1034
[ 5235301ms] [ERROR] WebSocket connection to 'ws://localhost:3000/' failed: Error in connection establishment: net::ERR_CONNECTION_REFUSED @ http://localhost:3000/@vite/client:1034
[ 5240561ms] [ERROR] WebSocket connection to 'ws://localhost:3000/' failed: Error in connection establishment: net::ERR_CONNECTION_REFUSED @ http://localhost:3000/@vite/client:1034
[ 5243315ms] [ERROR] WebSocket connection to 'ws://localhost:3000/' failed: Error in connection establishment: net::ERR_CONNECTION_REFUSED @ http://localhost:3000/@vite/client:1034
[ 5248016ms] [ERROR] WebSocket connection to 'ws://localhost:3000/' failed: Error in connection establishment: net::ERR_CONNECTION_REFUSED @ http://localhost:3000/@vite/client:1034
[ 5250101ms] [ERROR] Failed to load resource: net::ERR_CONNECTION_REFUSED @ http://localhost:8000/api/v1/overview/doctor:0
[ 5250102ms] [ERROR] Failed to load resource: net::ERR_CONNECTION_REFUSED @ http://localhost:8000/api/v1/overview/kpi:0
[ 5251595ms] [ERROR] WebSocket connection to 'ws://localhost:3000/' failed: Error in connection establishment: net::ERR_CONNECTION_REFUSED @ http://localhost:3000/@vite/client:1034
[ 5257569ms] [ERROR] WebSocket connection to 'ws://localhost:3000/' failed: Error in connection establishment: net::ERR_CONNECTION_REFUSED @ http://localhost:3000/@vite/client:1034
[ 5260768ms] [ERROR] WebSocket connection to 'ws://localhost:3000/' failed: Error in connection establishment: net::ERR_CONNECTION_REFUSED @ http://localhost:3000/@vite/client:1034
[ 5264473ms] [ERROR] WebSocket connection to 'ws://localhost:3000/' failed: Error in connection establishment: net::ERR_CONNECTION_REFUSED @ http://localhost:3000/@vite/client:1034
[ 5266987ms] [ERROR] WebSocket connection to 'ws://localhost:3000/' failed: Error in connection establishment: net::ERR_CONNECTION_REFUSED @ http://localhost:3000/@vite/client:1034
[ 5269139ms] [ERROR] WebSocket connection to 'ws://localhost:3000/' failed: Error in connection establishment: net::ERR_CONNECTION_REFUSED @ http://localhost:3000/@vite/client:1034
[ 5273600ms] [ERROR] WebSocket connection to 'ws://localhost:3000/' failed: Error in connection establishment: net::ERR_CONNECTION_REFUSED @ http://localhost:3000/@vite/client:1034
[ 5277108ms] [ERROR] WebSocket connection to 'ws://localhost:3000/' failed: Error in connection establishment: net::ERR_CONNECTION_REFUSED @ http://localhost:3000/@vite/client:1034
[ 5280101ms] [ERROR] Failed to load resource: net::ERR_CONNECTION_REFUSED @ http://localhost:8000/api/v1/overview/doctor:0
[ 5280101ms] [ERROR] Failed to load resource: net::ERR_CONNECTION_REFUSED @ http://localhost:8000/api/v1/overview/kpi:0
[ 5281464ms] [ERROR] WebSocket connection to 'ws://localhost:3000/' failed: Error in connection establishment: net::ERR_CONNECTION_REFUSED @ http://localhost:3000/@vite/client:1034
[ 5286795ms] [ERROR] WebSocket connection to 'ws://localhost:3000/' failed: Error in connection establishment: net::ERR_CONNECTION_REFUSED @ http://localhost:3000/@vite/client:1034
[ 5291311ms] [ERROR] WebSocket connection to 'ws://localhost:3000/' failed: Error in connection establishment: net::ERR_CONNECTION_REFUSED @ http://localhost:3000/@vite/client:1034
[ 5297279ms] [ERROR] WebSocket connection to 'ws://localhost:3000/' failed: Error in connection establishment: net::ERR_CONNECTION_REFUSED @ http://localhost:3000/@vite/client:1034
[ 5299313ms] [ERROR] WebSocket connection to 'ws://localhost:3000/' failed: Error in connection establishment: net::ERR_CONNECTION_REFUSED @ http://localhost:3000/@vite/client:1034
[ 5304566ms] [ERROR] WebSocket connection to 'ws://localhost:3000/' failed: Error in connection establishment: net::ERR_CONNECTION_REFUSED @ http://localhost:3000/@vite/client:1034
[ 5308287ms] [ERROR] WebSocket connection to 'ws://localhost:3000/' failed: Error in connection establishment: net::ERR_CONNECTION_REFUSED @ http://localhost:3000/@vite/client:1034
[ 5310101ms] [ERROR] Failed to load resource: net::ERR_CONNECTION_REFUSED @ http://localhost:8000/api/v1/overview/doctor:0
[ 5310101ms] [ERROR] Failed to load resource: net::ERR_CONNECTION_REFUSED @ http://localhost:8000/api/v1/overview/kpi:0
[ 5313872ms] [ERROR] WebSocket connection to 'ws://localhost:3000/' failed: Error in connection establishment: net::ERR_CONNECTION_REFUSED @ http://localhost:3000/@vite/client:1034
[ 5319266ms] [ERROR] WebSocket connection to 'ws://localhost:3000/' failed: Error in connection establishment: net::ERR_CONNECTION_REFUSED @ http://localhost:3000/@vite/client:1034
[ 5321958ms] [ERROR] WebSocket connection to 'ws://localhost:3000/' failed: Error in connection establishment: net::ERR_CONNECTION_REFUSED @ http://localhost:3000/@vite/client:1034
[ 5325259ms] [ERROR] WebSocket connection to 'ws://localhost:3000/' failed: Error in connection establishment: net::ERR_CONNECTION_REFUSED @ http://localhost:3000/@vite/client:1034
[ 5330411ms] [ERROR] WebSocket connection to 'ws://localhost:3000/' failed: Error in connection establishment: net::ERR_CONNECTION_REFUSED @ http://localhost:3000/@vite/client:1034
[ 5335490ms] [ERROR] WebSocket connection to 'ws://localhost:3000/' failed: Error in connection establishment: net::ERR_CONNECTION_REFUSED @ http://localhost:3000/@vite/client:1034
[ 5338941ms] [ERROR] WebSocket connection to 'ws://localhost:3000/' failed: Error in connection establishment: net::ERR_CONNECTION_REFUSED @ http://localhost:3000/@vite/client:1034
[ 5340101ms] [ERROR] Failed to load resource: net::ERR_CONNECTION_REFUSED @ http://localhost:8000/api/v1/overview/doctor:0
[ 5340101ms] [ERROR] Failed to load resource: net::ERR_CONNECTION_REFUSED @ http://localhost:8000/api/v1/overview/kpi:0
[ 5343829ms] [ERROR] WebSocket connection to 'ws://localhost:3000/' failed: Error in connection establishment: net::ERR_CONNECTION_REFUSED @ http://localhost:3000/@vite/client:1034
[ 5346184ms] [ERROR] WebSocket connection to 'ws://localhost:3000/' failed: Error in connection establishment: net::ERR_CONNECTION_REFUSED @ http://localhost:3000/@vite/client:1034
[ 5349764ms] [ERROR] WebSocket connection to 'ws://localhost:3000/' failed: Error in connection establishment: net::ERR_CONNECTION_REFUSED @ http://localhost:3000/@vite/client:1034
[ 5352904ms] [ERROR] WebSocket connection to 'ws://localhost:3000/' failed: Error in connection establishment: net::ERR_CONNECTION_REFUSED @ http://localhost:3000/@vite/client:1034
[ 5357442ms] [ERROR] WebSocket connection to 'ws://localhost:3000/' failed: Error in connection establishment: net::ERR_CONNECTION_REFUSED @ http://localhost:3000/@vite/client:1034
[ 5361998ms] [ERROR] WebSocket connection to 'ws://localhost:3000/' failed: Error in connection establishment: net::ERR_CONNECTION_REFUSED @ http://localhost:3000/@vite/client:1034
[ 5365513ms] [ERROR] WebSocket connection to 'ws://localhost:3000/' failed: Error in connection establishment: net::ERR_CONNECTION_REFUSED @ http://localhost:3000/@vite/client:1034
[ 5370101ms] [ERROR] Failed to load resource: net::ERR_CONNECTION_REFUSED @ http://localhost:8000/api/v1/overview/doctor:0
[ 5370101ms] [ERROR] Failed to load resource: net::ERR_CONNECTION_REFUSED @ http://localhost:8000/api/v1/overview/kpi:0
[ 5370323ms] [ERROR] WebSocket connection to 'ws://localhost:3000/' failed: Error in connection establishment: net::ERR_CONNECTION_REFUSED @ http://localhost:3000/@vite/client:1034
[ 5374938ms] [ERROR] WebSocket connection to 'ws://localhost:3000/' failed: Error in connection establishment: net::ERR_CONNECTION_REFUSED @ http://localhost:3000/@vite/client:1034
[ 5378346ms] [ERROR] WebSocket connection to 'ws://localhost:3000/' failed: Error in connection establishment: net::ERR_CONNECTION_REFUSED @ http://localhost:3000/@vite/client:1034
[ 5382507ms] [ERROR] WebSocket connection to 'ws://localhost:3000/' failed: Error in connection establishment: net::ERR_CONNECTION_REFUSED @ http://localhost:3000/@vite/client:1034
[ 5386440ms] [ERROR] WebSocket connection to 'ws://localhost:3000/' failed: Error in connection establishment: net::ERR_CONNECTION_REFUSED @ http://localhost:3000/@vite/client:1034
[ 5392404ms] [ERROR] WebSocket connection to 'ws://localhost:3000/' failed: Error in connection establishment: net::ERR_CONNECTION_REFUSED @ http://localhost:3000/@vite/client:1034
[ 5397872ms] [ERROR] WebSocket connection to 'ws://localhost:3000/' failed: Error in connection establishment: net::ERR_CONNECTION_REFUSED @ http://localhost:3000/@vite/client:1034
[ 5400100ms] [ERROR] Failed to load resource: net::ERR_CONNECTION_REFUSED @ http://localhost:8000/api/v1/overview/doctor:0
[ 5400100ms] [ERROR] Failed to load resource: net::ERR_CONNECTION_REFUSED @ http://localhost:8000/api/v1/overview/kpi:0
[ 5400987ms] [ERROR] WebSocket connection to 'ws://localhost:3000/' failed: Error in connection establishment: net::ERR_CONNECTION_REFUSED @ http://localhost:3000/@vite/client:1034
[ 5403827ms] [ERROR] WebSocket connection to 'ws://localhost:3000/' failed: Error in connection establishment: net::ERR_CONNECTION_REFUSED @ http://localhost:3000/@vite/client:1034
[ 5408614ms] [ERROR] WebSocket connection to 'ws://localhost:3000/' failed: Error in connection establishment: net::ERR_CONNECTION_REFUSED @ http://localhost:3000/@vite/client:1034
[ 5412594ms] [ERROR] WebSocket connection to 'ws://localhost:3000/' failed: Error in connection establishment: net::ERR_CONNECTION_REFUSED @ http://localhost:3000/@vite/client:1034
[ 5417926ms] [ERROR] WebSocket connection to 'ws://localhost:3000/' failed: Error in connection establishment: net::ERR_CONNECTION_REFUSED @ http://localhost:3000/@vite/client:1034
[ 5421829ms] [ERROR] WebSocket connection to 'ws://localhost:3000/' failed: Error in connection establishment: net::ERR_CONNECTION_REFUSED @ http://localhost:3000/@vite/client:1034
[ 5424538ms] [ERROR] WebSocket connection to 'ws://localhost:3000/' failed: Error in connection establishment: net::ERR_CONNECTION_REFUSED @ http://localhost:3000/@vite/client:1034
[ 5426874ms] [ERROR] WebSocket connection to 'ws://localhost:3000/' failed: Error in connection establishment: net::ERR_CONNECTION_REFUSED @ http://localhost:3000/@vite/client:1034
[ 5429844ms] [ERROR] WebSocket connection to 'ws://localhost:3000/' failed: Error in connection establishment: net::ERR_CONNECTION_REFUSED @ http://localhost:3000/@vite/client:1034
[ 5430100ms] [ERROR] Failed to load resource: net::ERR_CONNECTION_REFUSED @ http://localhost:8000/api/v1/overview/doctor:0
[ 5430101ms] [ERROR] Failed to load resource: net::ERR_CONNECTION_REFUSED @ http://localhost:8000/api/v1/overview/kpi:0
[ 5435489ms] [ERROR] WebSocket connection to 'ws://localhost:3000/' failed: Error in connection establishment: net::ERR_CONNECTION_REFUSED @ http://localhost:3000/@vite/client:1034
[ 5440862ms] [ERROR] WebSocket connection to 'ws://localhost:3000/' failed: Error in connection establishment: net::ERR_CONNECTION_REFUSED @ http://localhost:3000/@vite/client:1034
[ 5445215ms] [ERROR] WebSocket connection to 'ws://localhost:3000/' failed: Error in connection establishment: net::ERR_CONNECTION_REFUSED @ http://localhost:3000/@vite/client:1034
[ 5448162ms] [ERROR] WebSocket connection to 'ws://localhost:3000/' failed: Error in connection establishment: net::ERR_CONNECTION_REFUSED @ http://localhost:3000/@vite/client:1034
[ 5452457ms] [ERROR] WebSocket connection to 'ws://localhost:3000/' failed: Error in connection establishment: net::ERR_CONNECTION_REFUSED @ http://localhost:3000/@vite/client:1034
[ 5455269ms] [ERROR] WebSocket connection to 'ws://localhost:3000/' failed: Error in connection establishment: net::ERR_CONNECTION_REFUSED @ http://localhost:3000/@vite/client:1034
[ 5459544ms] [ERROR] WebSocket connection to 'ws://localhost:3000/' failed: Error in connection establishment: net::ERR_CONNECTION_REFUSED @ http://localhost:3000/@vite/client:1034
[ 5460100ms] [ERROR] Failed to load resource: net::ERR_CONNECTION_REFUSED @ http://localhost:8000/api/v1/overview/doctor:0
[ 5460101ms] [ERROR] Failed to load resource: net::ERR_CONNECTION_REFUSED @ http://localhost:8000/api/v1/overview/kpi:0
[ 5464425ms] [ERROR] WebSocket connection to 'ws://localhost:3000/' failed: Error in connection establishment: net::ERR_CONNECTION_REFUSED @ http://localhost:3000/@vite/client:1034
[ 5467044ms] [ERROR] WebSocket connection to 'ws://localhost:3000/' failed: Error in connection establishment: net::ERR_CONNECTION_REFUSED @ http://localhost:3000/@vite/client:1034
[ 5472304ms] [ERROR] WebSocket connection to 'ws://localhost:3000/' failed: Error in connection establishment: net::ERR_CONNECTION_REFUSED @ http://localhost:3000/@vite/client:1034
[ 5474371ms] [ERROR] WebSocket connection to 'ws://localhost:3000/' failed: Error in connection establishment: net::ERR_CONNECTION_REFUSED @ http://localhost:3000/@vite/client:1034
[ 5479746ms] [ERROR] WebSocket connection to 'ws://localhost:3000/' failed: Error in connection establishment: net::ERR_CONNECTION_REFUSED @ http://localhost:3000/@vite/client:1034
[ 5484839ms] [ERROR] WebSocket connection to 'ws://localhost:3000/' failed: Error in connection establishment: net::ERR_CONNECTION_REFUSED @ http://localhost:3000/@vite/client:1034
[ 5488033ms] [ERROR] WebSocket connection to 'ws://localhost:3000/' failed: Error in connection establishment: net::ERR_CONNECTION_REFUSED @ http://localhost:3000/@vite/client:1034
[ 5490101ms] [ERROR] Failed to load resource: net::ERR_CONNECTION_REFUSED @ http://localhost:8000/api/v1/overview/doctor:0
[ 5490101ms] [ERROR] Failed to load resource: net::ERR_CONNECTION_REFUSED @ http://localhost:8000/api/v1/overview/kpi:0
[ 5491359ms] [ERROR] WebSocket connection to 'ws://localhost:3000/' failed: Error in connection establishment: net::ERR_CONNECTION_REFUSED @ http://localhost:3000/@vite/client:1034
[ 5495251ms] [ERROR] WebSocket connection to 'ws://localhost:3000/' failed: Error in connection establishment: net::ERR_CONNECTION_REFUSED @ http://localhost:3000/@vite/client:1034
[ 5500592ms] [ERROR] WebSocket connection to 'ws://localhost:3000/' failed: Error in connection establishment: net::ERR_CONNECTION_REFUSED @ http://localhost:3000/@vite/client:1034
[ 5505399ms] [ERROR] WebSocket connection to 'ws://localhost:3000/' failed: Error in connection establishment: net::ERR_CONNECTION_REFUSED @ http://localhost:3000/@vite/client:1034
[ 5509920ms] [ERROR] WebSocket connection to 'ws://localhost:3000/' failed: Error in connection establishment: net::ERR_CONNECTION_REFUSED @ http://localhost:3000/@vite/client:1034
[ 5513527ms] [ERROR] WebSocket connection to 'ws://localhost:3000/' failed: Error in connection establishment: net::ERR_CONNECTION_REFUSED @ http://localhost:3000/@vite/client:1034
[ 5517950ms] [ERROR] WebSocket connection to 'ws://localhost:3000/' failed: Error in connection establishment: net::ERR_CONNECTION_REFUSED @ http://localhost:3000/@vite/client:1034
[ 5520101ms] [ERROR] Failed to load resource: net::ERR_CONNECTION_REFUSED @ http://localhost:8000/api/v1/overview/doctor:0
[ 5520101ms] [ERROR] Failed to load resource: net::ERR_CONNECTION_REFUSED @ http://localhost:8000/api/v1/overview/kpi:0
[ 5521068ms] [ERROR] WebSocket connection to 'ws://localhost:3000/' failed: Error in connection establishment: net::ERR_CONNECTION_REFUSED @ http://localhost:3000/@vite/client:1034
[ 5526814ms] [ERROR] WebSocket connection to 'ws://localhost:3000/' failed: Error in connection establishment: net::ERR_CONNECTION_REFUSED @ http://localhost:3000/@vite/client:1034
[ 5531664ms] [ERROR] WebSocket connection to 'ws://localhost:3000/' failed: Error in connection establishment: net::ERR_CONNECTION_REFUSED @ http://localhost:3000/@vite/client:1034
[ 5537314ms] [ERROR] WebSocket connection to 'ws://localhost:3000/' failed: Error in connection establishment: net::ERR_CONNECTION_REFUSED @ http://localhost:3000/@vite/client:1034
[ 5540289ms] [ERROR] WebSocket connection to 'ws://localhost:3000/' failed: Error in connection establishment: net::ERR_CONNECTION_REFUSED @ http://localhost:3000/@vite/client:1034
[ 5543886ms] [ERROR] WebSocket connection to 'ws://localhost:3000/' failed: Error in connection establishment: net::ERR_CONNECTION_REFUSED @ http://localhost:3000/@vite/client:1034
[ 5545951ms] [ERROR] WebSocket connection to 'ws://localhost:3000/' failed: Error in connection establishment: net::ERR_CONNECTION_REFUSED @ http://localhost:3000/@vite/client:1034
[ 5549292ms] [ERROR] WebSocket connection to 'ws://localhost:3000/' failed: Error in connection establishment: net::ERR_CONNECTION_REFUSED @ http://localhost:3000/@vite/client:1034
[ 5550100ms] [ERROR] Failed to load resource: net::ERR_CONNECTION_REFUSED @ http://localhost:8000/api/v1/overview/doctor:0
[ 5550101ms] [ERROR] Failed to load resource: net::ERR_CONNECTION_REFUSED @ http://localhost:8000/api/v1/overview/kpi:0
[ 5552394ms] [ERROR] WebSocket connection to 'ws://localhost:3000/' failed: Error in connection establishment: net::ERR_CONNECTION_REFUSED @ http://localhost:3000/@vite/client:1034
[ 5554815ms] [ERROR] WebSocket connection to 'ws://localhost:3000/' failed: Error in connection establishment: net::ERR_CONNECTION_REFUSED @ http://localhost:3000/@vite/client:1034
[ 5560096ms] [ERROR] WebSocket connection to 'ws://localhost:3000/' failed: Error in connection establishment: net::ERR_CONNECTION_REFUSED @ http://localhost:3000/@vite/client:1034
[ 5565159ms] [ERROR] WebSocket connection to 'ws://localhost:3000/' failed: Error in connection establishment: net::ERR_CONNECTION_REFUSED @ http://localhost:3000/@vite/client:1034
[ 5570842ms] [ERROR] WebSocket connection to 'ws://localhost:3000/' failed: Error in connection establishment: net::ERR_CONNECTION_REFUSED @ http://localhost:3000/@vite/client:1034
[ 5575940ms] [ERROR] WebSocket connection to 'ws://localhost:3000/' failed: Error in connection establishment: net::ERR_CONNECTION_REFUSED @ http://localhost:3000/@vite/client:1034
[ 5580101ms] [ERROR] Failed to load resource: net::ERR_CONNECTION_REFUSED @ http://localhost:8000/api/v1/overview/doctor:0
[ 5580101ms] [ERROR] Failed to load resource: net::ERR_CONNECTION_REFUSED @ http://localhost:8000/api/v1/overview/kpi:0
[ 5581207ms] [ERROR] WebSocket connection to 'ws://localhost:3000/' failed: Error in connection establishment: net::ERR_CONNECTION_REFUSED @ http://localhost:3000/@vite/client:1034
[ 5586413ms] [ERROR] WebSocket connection to 'ws://localhost:3000/' failed: Error in connection establishment: net::ERR_CONNECTION_REFUSED @ http://localhost:3000/@vite/client:1034
[ 5589576ms] [ERROR] WebSocket connection to 'ws://localhost:3000/' failed: Error in connection establishment: net::ERR_CONNECTION_REFUSED @ http://localhost:3000/@vite/client:1034
[ 5595394ms] [ERROR] WebSocket connection to 'ws://localhost:3000/' failed: Error in connection establishment: net::ERR_CONNECTION_REFUSED @ http://localhost:3000/@vite/client:1034
[ 5600429ms] [ERROR] WebSocket connection to 'ws://localhost:3000/' failed: Error in connection establishment: net::ERR_CONNECTION_REFUSED @ http://localhost:3000/@vite/client:1034
[ 5605368ms] [ERROR] WebSocket connection to 'ws://localhost:3000/' failed: Error in connection establishment: net::ERR_CONNECTION_REFUSED @ http://localhost:3000/@vite/client:1034
[ 5609692ms] [ERROR] WebSocket connection to 'ws://localhost:3000/' failed: Error in connection establishment: net::ERR_CONNECTION_REFUSED @ http://localhost:3000/@vite/client:1034
[ 5610100ms] [ERROR] Failed to load resource: net::ERR_CONNECTION_REFUSED @ http://localhost:8000/api/v1/overview/doctor:0
[ 5610100ms] [ERROR] Failed to load resource: net::ERR_CONNECTION_REFUSED @ http://localhost:8000/api/v1/overview/kpi:0
[ 5612806ms] [ERROR] WebSocket connection to 'ws://localhost:3000/' failed: Error in connection establishment: net::ERR_CONNECTION_REFUSED @ http://localhost:3000/@vite/client:1034
[ 5616172ms] [ERROR] WebSocket connection to 'ws://localhost:3000/' failed: Error in connection establishment: net::ERR_CONNECTION_REFUSED @ http://localhost:3000/@vite/client:1034
[ 5621775ms] [ERROR] WebSocket connection to 'ws://localhost:3000/' failed: Error in connection establishment: net::ERR_CONNECTION_REFUSED @ http://localhost:3000/@vite/client:1034
[ 5626965ms] [ERROR] WebSocket connection to 'ws://localhost:3000/' failed: Error in connection establishment: net::ERR_CONNECTION_REFUSED @ http://localhost:3000/@vite/client:1034
[ 5630727ms] [ERROR] WebSocket connection to 'ws://localhost:3000/' failed: Error in connection establishment: net::ERR_CONNECTION_REFUSED @ http://localhost:3000/@vite/client:1034
[ 5634772ms] [ERROR] WebSocket connection to 'ws://localhost:3000/' failed: Error in connection establishment: net::ERR_CONNECTION_REFUSED @ http://localhost:3000/@vite/client:1034
[ 5640103ms] [ERROR] Failed to load resource: net::ERR_CONNECTION_REFUSED @ http://localhost:8000/api/v1/overview/doctor:0
[ 5640103ms] [ERROR] Failed to load resource: net::ERR_CONNECTION_REFUSED @ http://localhost:8000/api/v1/overview/kpi:0
[ 5640554ms] [ERROR] WebSocket connection to 'ws://localhost:3000/' failed: Error in connection establishment: net::ERR_CONNECTION_REFUSED @ http://localhost:3000/@vite/client:1034
[ 5644490ms] [ERROR] WebSocket connection to 'ws://localhost:3000/' failed: Error in connection establishment: net::ERR_CONNECTION_REFUSED @ http://localhost:3000/@vite/client:1034
[ 5647371ms] [ERROR] WebSocket connection to 'ws://localhost:3000/' failed: Error in connection establishment: net::ERR_CONNECTION_REFUSED @ http://localhost:3000/@vite/client:1034
[ 5651060ms] [ERROR] WebSocket connection to 'ws://localhost:3000/' failed: Error in connection establishment: net::ERR_CONNECTION_REFUSED @ http://localhost:3000/@vite/client:1034
[ 5655422ms] [ERROR] WebSocket connection to 'ws://localhost:3000/' failed: Error in connection establishment: net::ERR_CONNECTION_REFUSED @ http://localhost:3000/@vite/client:1034
[ 5659683ms] [ERROR] WebSocket connection to 'ws://localhost:3000/' failed: Error in connection establishment: net::ERR_CONNECTION_REFUSED @ http://localhost:3000/@vite/client:1034
[ 5662896ms] [ERROR] WebSocket connection to 'ws://localhost:3000/' failed: Error in connection establishment: net::ERR_CONNECTION_REFUSED @ http://localhost:3000/@vite/client:1034
[ 5665002ms] [ERROR] WebSocket connection to 'ws://localhost:3000/' failed: Error in connection establishment: net::ERR_CONNECTION_REFUSED @ http://localhost:3000/@vite/client:1034
[ 5669529ms] [ERROR] WebSocket connection to 'ws://localhost:3000/' failed: Error in connection establishment: net::ERR_CONNECTION_REFUSED @ http://localhost:3000/@vite/client:1034
[ 5670101ms] [ERROR] Failed to load resource: net::ERR_CONNECTION_REFUSED @ http://localhost:8000/api/v1/overview/doctor:0
[ 5670102ms] [ERROR] Failed to load resource: net::ERR_CONNECTION_REFUSED @ http://localhost:8000/api/v1/overview/kpi:0
[ 5674043ms] [ERROR] WebSocket connection to 'ws://localhost:3000/' failed: Error in connection establishment: net::ERR_CONNECTION_REFUSED @ http://localhost:3000/@vite/client:1034
[ 5676122ms] [ERROR] WebSocket connection to 'ws://localhost:3000/' failed: Error in connection establishment: net::ERR_CONNECTION_REFUSED @ http://localhost:3000/@vite/client:1034
[ 5679576ms] [ERROR] WebSocket connection to 'ws://localhost:3000/' failed: Error in connection establishment: net::ERR_CONNECTION_REFUSED @ http://localhost:3000/@vite/client:1034
[ 5681763ms] [ERROR] WebSocket connection to 'ws://localhost:3000/' failed: Error in connection establishment: net::ERR_CONNECTION_REFUSED @ http://localhost:3000/@vite/client:1034
[ 5683871ms] [ERROR] WebSocket connection to 'ws://localhost:3000/' failed: Error in connection establishment: net::ERR_CONNECTION_REFUSED @ http://localhost:3000/@vite/client:1034
[ 5686208ms] [ERROR] WebSocket connection to 'ws://localhost:3000/' failed: Error in connection establishment: net::ERR_CONNECTION_REFUSED @ http://localhost:3000/@vite/client:1034
[ 5690475ms] [ERROR] WebSocket connection to 'ws://localhost:3000/' failed: Error in connection establishment: net::ERR_CONNECTION_REFUSED @ http://localhost:3000/@vite/client:1034
[ 5695563ms] [ERROR] WebSocket connection to 'ws://localhost:3000/' failed: Error in connection establishment: net::ERR_CONNECTION_REFUSED @ http://localhost:3000/@vite/client:1034
[ 5700101ms] [ERROR] Failed to load resource: net::ERR_CONNECTION_REFUSED @ http://localhost:8000/api/v1/overview/doctor:0
[ 5700101ms] [ERROR] Failed to load resource: net::ERR_CONNECTION_REFUSED @ http://localhost:8000/api/v1/overview/kpi:0
[ 5701477ms] [ERROR] WebSocket connection to 'ws://localhost:3000/' failed: Error in connection establishment: net::ERR_CONNECTION_REFUSED @ http://localhost:3000/@vite/client:1034
[ 5707184ms] [ERROR] WebSocket connection to 'ws://localhost:3000/' failed: Error in connection establishment: net::ERR_CONNECTION_REFUSED @ http://localhost:3000/@vite/client:1034
[ 5712054ms] [ERROR] WebSocket connection to 'ws://localhost:3000/' failed: Error in connection establishment: net::ERR_CONNECTION_REFUSED @ http://localhost:3000/@vite/client:1034
[ 5715882ms] [ERROR] WebSocket connection to 'ws://localhost:3000/' failed: Error in connection establishment: net::ERR_CONNECTION_REFUSED @ http://localhost:3000/@vite/client:1034
[ 5718872ms] [ERROR] WebSocket connection to 'ws://localhost:3000/' failed: Error in connection establishment: net::ERR_CONNECTION_REFUSED @ http://localhost:3000/@vite/client:1034
[ 5724601ms] [ERROR] WebSocket connection to 'ws://localhost:3000/' failed: Error in connection establishment: net::ERR_CONNECTION_REFUSED @ http://localhost:3000/@vite/client:1034
[ 5728416ms] [ERROR] WebSocket connection to 'ws://localhost:3000/' failed: Error in connection establishment: net::ERR_CONNECTION_REFUSED @ http://localhost:3000/@vite/client:1034
[ 5730101ms] [ERROR] Failed to load resource: net::ERR_CONNECTION_REFUSED @ http://localhost:8000/api/v1/overview/doctor:0
[ 5730101ms] [ERROR] Failed to load resource: net::ERR_CONNECTION_REFUSED @ http://localhost:8000/api/v1/overview/kpi:0
[ 5732810ms] [ERROR] WebSocket connection to 'ws://localhost:3000/' failed: Error in connection establishment: net::ERR_CONNECTION_REFUSED @ http://localhost:3000/@vite/client:1034
[ 5737813ms] [ERROR] WebSocket connection to 'ws://localhost:3000/' failed: Error in connection establishment: net::ERR_CONNECTION_REFUSED @ http://localhost:3000/@vite/client:1034
[ 5742534ms] [ERROR] WebSocket connection to 'ws://localhost:3000/' failed: Error in connection establishment: net::ERR_CONNECTION_REFUSED @ http://localhost:3000/@vite/client:1034
[ 5745021ms] [ERROR] WebSocket connection to 'ws://localhost:3000/' failed: Error in connection establishment: net::ERR_CONNECTION_REFUSED @ http://localhost:3000/@vite/client:1034
[ 5748842ms] [ERROR] WebSocket connection to 'ws://localhost:3000/' failed: Error in connection establishment: net::ERR_CONNECTION_REFUSED @ http://localhost:3000/@vite/client:1034
[ 5753673ms] [ERROR] WebSocket connection to 'ws://localhost:3000/' failed: Error in connection establishment: net::ERR_CONNECTION_REFUSED @ http://localhost:3000/@vite/client:1034
[ 5758787ms] [ERROR] WebSocket connection to 'ws://localhost:3000/' failed: Error in connection establishment: net::ERR_CONNECTION_REFUSED @ http://localhost:3000/@vite/client:1034
[ 5760101ms] [ERROR] Failed to load resource: net::ERR_CONNECTION_REFUSED @ http://localhost:8000/api/v1/overview/doctor:0
[ 5760101ms] [ERROR] Failed to load resource: net::ERR_CONNECTION_REFUSED @ http://localhost:8000/api/v1/overview/kpi:0
[ 5763210ms] [ERROR] WebSocket connection to 'ws://localhost:3000/' failed: Error in connection establishment: net::ERR_CONNECTION_REFUSED @ http://localhost:3000/@vite/client:1034
[ 5768437ms] [ERROR] WebSocket connection to 'ws://localhost:3000/' failed: Error in connection establishment: net::ERR_CONNECTION_REFUSED @ http://localhost:3000/@vite/client:1034
[ 5773051ms] [ERROR] WebSocket connection to 'ws://localhost:3000/' failed: Error in connection establishment: net::ERR_CONNECTION_REFUSED @ http://localhost:3000/@vite/client:1034
[ 5776597ms] [ERROR] WebSocket connection to 'ws://localhost:3000/' failed: Error in connection establishment: net::ERR_CONNECTION_REFUSED @ http://localhost:3000/@vite/client:1034
[ 5780689ms] [ERROR] WebSocket connection to 'ws://localhost:3000/' failed: Error in connection establishment: net::ERR_CONNECTION_REFUSED @ http://localhost:3000/@vite/client:1034
[ 5784788ms] [ERROR] WebSocket connection to 'ws://localhost:3000/' failed: Error in connection establishment: net::ERR_CONNECTION_REFUSED @ http://localhost:3000/@vite/client:1034
[ 5789778ms] [ERROR] WebSocket connection to 'ws://localhost:3000/' failed: Error in connection establishment: net::ERR_CONNECTION_REFUSED @ http://localhost:3000/@vite/client:1034
[ 5790101ms] [ERROR] Failed to load resource: net::ERR_CONNECTION_REFUSED @ http://localhost:8000/api/v1/overview/doctor:0
[ 5790101ms] [ERROR] Failed to load resource: net::ERR_CONNECTION_REFUSED @ http://localhost:8000/api/v1/overview/kpi:0
[ 5794581ms] [ERROR] WebSocket connection to 'ws://localhost:3000/' failed: Error in connection establishment: net::ERR_CONNECTION_REFUSED @ http://localhost:3000/@vite/client:1034
[ 5798181ms] [ERROR] WebSocket connection to 'ws://localhost:3000/' failed: Error in connection establishment: net::ERR_CONNECTION_REFUSED @ http://localhost:3000/@vite/client:1034
[ 5803990ms] [ERROR] WebSocket connection to 'ws://localhost:3000/' failed: Error in connection establishment: net::ERR_CONNECTION_REFUSED @ http://localhost:3000/@vite/client:1034
[ 5807706ms] [ERROR] WebSocket connection to 'ws://localhost:3000/' failed: Error in connection establishment: net::ERR_CONNECTION_REFUSED @ http://localhost:3000/@vite/client:1034
[ 5813409ms] [ERROR] WebSocket connection to 'ws://localhost:3000/' failed: Error in connection establishment: net::ERR_CONNECTION_REFUSED @ http://localhost:3000/@vite/client:1034
[ 5817254ms] [ERROR] WebSocket connection to 'ws://localhost:3000/' failed: Error in connection establishment: net::ERR_CONNECTION_REFUSED @ http://localhost:3000/@vite/client:1034
[ 5818258ms] [ERROR] WebSocket connection to 'ws://localhost:3000/' failed: Error in connection establishment: net::ERR_CONNECTION_REFUSED @ http://localhost:3000/@vite/client:1034
[ 5819260ms] [ERROR] WebSocket connection to 'ws://localhost:3000/' failed: Error in connection establishment: net::ERR_CONNECTION_REFUSED @ http://localhost:3000/@vite/client:1034
[ 5820101ms] [ERROR] Failed to load resource: net::ERR_CONNECTION_REFUSED @ http://localhost:8000/api/v1/overview/doctor:0
[ 5820101ms] [ERROR] Failed to load resource: net::ERR_CONNECTION_REFUSED @ http://localhost:8000/api/v1/overview/kpi:0
[ 5820261ms] [ERROR] WebSocket connection to 'ws://localhost:3000/' failed: Error in connection establishment: net::ERR_CONNECTION_REFUSED @ http://localhost:3000/@vite/client:1034
[ 5821262ms] [ERROR] WebSocket connection to 'ws://localhost:3000/' failed: Error in connection establishment: net::ERR_CONNECTION_REFUSED @ http://localhost:3000/@vite/client:1034
[ 5822265ms] [ERROR] WebSocket connection to 'ws://localhost:3000/' failed: Error in connection establishment: net::ERR_CONNECTION_REFUSED @ http://localhost:3000/@vite/client:1034
[ 5823271ms] [ERROR] WebSocket connection to 'ws://localhost:3000/' failed: Error in connection establishment: net::ERR_CONNECTION_REFUSED @ http://localhost:3000/@vite/client:1034
[ 5824281ms] [ERROR] WebSocket connection to 'ws://localhost:3000/' failed: Error in connection establishment: net::ERR_CONNECTION_REFUSED @ http://localhost:3000/@vite/client:1034
[ 5825296ms] [ERROR] WebSocket connection to 'ws://localhost:3000/' failed: Error in connection establishment: net::ERR_CONNECTION_REFUSED @ http://localhost:3000/@vite/client:1034
[ 5826329ms] [ERROR] WebSocket connection to 'ws://localhost:3000/' failed: Error in connection establishment: net::ERR_CONNECTION_REFUSED @ http://localhost:3000/@vite/client:1034
[ 5827405ms] [ERROR] WebSocket connection to 'ws://localhost:3000/' failed: Error in connection establishment: net::ERR_CONNECTION_REFUSED @ http://localhost:3000/@vite/client:1034
[ 5828532ms] [ERROR] WebSocket connection to 'ws://localhost:3000/' failed: Error in connection establishment: net::ERR_CONNECTION_REFUSED @ http://localhost:3000/@vite/client:1034
[ 5829628ms] [ERROR] WebSocket connection to 'ws://localhost:3000/' failed: Error in connection establishment: net::ERR_CONNECTION_REFUSED @ http://localhost:3000/@vite/client:1034
[ 5830866ms] [ERROR] WebSocket connection to 'ws://localhost:3000/' failed: Error in connection establishment: net::ERR_CONNECTION_REFUSED @ http://localhost:3000/@vite/client:1034
[ 5832643ms] [ERROR] WebSocket connection to 'ws://localhost:3000/' failed: Error in connection establishment: net::ERR_CONNECTION_REFUSED @ http://localhost:3000/@vite/client:1034
[ 5834583ms] [ERROR] WebSocket connection to 'ws://localhost:3000/' failed: Error in connection establishment: net::ERR_CONNECTION_REFUSED @ http://localhost:3000/@vite/client:1034
[ 5838646ms] [ERROR] WebSocket connection to 'ws://localhost:3000/' failed: Error in connection establishment: net::ERR_CONNECTION_REFUSED @ http://localhost:3000/@vite/client:1034
[ 5841311ms] [ERROR] WebSocket connection to 'ws://localhost:3000/' failed: Error in connection establishment: net::ERR_CONNECTION_REFUSED @ http://localhost:3000/@vite/client:1034
[ 5846629ms] [ERROR] WebSocket connection to 'ws://localhost:3000/' failed: Error in connection establishment: net::ERR_CONNECTION_REFUSED @ http://localhost:3000/@vite/client:1034
[ 5850101ms] [ERROR] Failed to load resource: net::ERR_CONNECTION_REFUSED @ http://localhost:8000/api/v1/overview/doctor:0
[ 5850101ms] [ERROR] Failed to load resource: net::ERR_CONNECTION_REFUSED @ http://localhost:8000/api/v1/overview/kpi:0
[ 5851675ms] [ERROR] WebSocket connection to 'ws://localhost:3000/' failed: Error in connection establishment: net::ERR_CONNECTION_REFUSED @ http://localhost:3000/@vite/client:1034
[ 5854922ms] [ERROR] WebSocket connection to 'ws://localhost:3000/' failed: Error in connection establishment: net::ERR_CONNECTION_REFUSED @ http://localhost:3000/@vite/client:1034
[ 5858863ms] [ERROR] WebSocket connection to 'ws://localhost:3000/' failed: Error in connection establishment: net::ERR_CONNECTION_REFUSED @ http://localhost:3000/@vite/client:1034
[ 5864046ms] [ERROR] WebSocket connection to 'ws://localhost:3000/' failed: Error in connection establishment: net::ERR_CONNECTION_REFUSED @ http://localhost:3000/@vite/client:1034
[ 5867094ms] [ERROR] WebSocket connection to 'ws://localhost:3000/' failed: Error in connection establishment: net::ERR_CONNECTION_REFUSED @ http://localhost:3000/@vite/client:1034
[ 5871840ms] [ERROR] WebSocket connection to 'ws://localhost:3000/' failed: Error in connection establishment: net::ERR_CONNECTION_REFUSED @ http://localhost:3000/@vite/client:1034
[ 5876752ms] [ERROR] WebSocket connection to 'ws://localhost:3000/' failed: Error in connection establishment: net::ERR_CONNECTION_REFUSED @ http://localhost:3000/@vite/client:1034
[ 5879869ms] [ERROR] WebSocket connection to 'ws://localhost:3000/' failed: Error in connection establishment: net::ERR_CONNECTION_REFUSED @ http://localhost:3000/@vite/client:1034
[ 5880101ms] [ERROR] Failed to load resource: net::ERR_CONNECTION_REFUSED @ http://localhost:8000/api/v1/overview/doctor:0
[ 5880101ms] [ERROR] Failed to load resource: net::ERR_CONNECTION_REFUSED @ http://localhost:8000/api/v1/overview/kpi:0
[ 5883109ms] [ERROR] WebSocket connection to 'ws://localhost:3000/' failed: Error in connection establishment: net::ERR_CONNECTION_REFUSED @ http://localhost:3000/@vite/client:1034
[ 5886226ms] [ERROR] WebSocket connection to 'ws://localhost:3000/' failed: Error in connection establishment: net::ERR_CONNECTION_REFUSED @ http://localhost:3000/@vite/client:1034
[ 5888415ms] [ERROR] WebSocket connection to 'ws://localhost:3000/' failed: Error in connection establishment: net::ERR_CONNECTION_REFUSED @ http://localhost:3000/@vite/client:1034
[ 5894395ms] [ERROR] WebSocket connection to 'ws://localhost:3000/' failed: Error in connection establishment: net::ERR_CONNECTION_REFUSED @ http://localhost:3000/@vite/client:1034
[ 5896927ms] [ERROR] WebSocket connection to 'ws://localhost:3000/' failed: Error in connection establishment: net::ERR_CONNECTION_REFUSED @ http://localhost:3000/@vite/client:1034
[ 5902190ms] [ERROR] WebSocket connection to 'ws://localhost:3000/' failed: Error in connection establishment: net::ERR_CONNECTION_REFUSED @ http://localhost:3000/@vite/client:1034
[ 5907881ms] [ERROR] WebSocket connection to 'ws://localhost:3000/' failed: Error in connection establishment: net::ERR_CONNECTION_REFUSED @ http://localhost:3000/@vite/client:1034
[ 5910100ms] [ERROR] Failed to load resource: net::ERR_CONNECTION_REFUSED @ http://localhost:8000/api/v1/overview/doctor:0
[ 5910101ms] [ERROR] Failed to load resource: net::ERR_CONNECTION_REFUSED @ http://localhost:8000/api/v1/overview/kpi:0
[ 5910378ms] [ERROR] WebSocket connection to 'ws://localhost:3000/' failed: Error in connection establishment: net::ERR_CONNECTION_REFUSED @ http://localhost:3000/@vite/client:1034
[ 5913554ms] [ERROR] WebSocket connection to 'ws://localhost:3000/' failed: Error in connection establishment: net::ERR_CONNECTION_REFUSED @ http://localhost:3000/@vite/client:1034
[ 5916950ms] [ERROR] WebSocket connection to 'ws://localhost:3000/' failed: Error in connection establishment: net::ERR_CONNECTION_REFUSED @ http://localhost:3000/@vite/client:1034
[ 5922365ms] [ERROR] WebSocket connection to 'ws://localhost:3000/' failed: Error in connection establishment: net::ERR_CONNECTION_REFUSED @ http://localhost:3000/@vite/client:1034
[ 5927563ms] [ERROR] WebSocket connection to 'ws://localhost:3000/' failed: Error in connection establishment: net::ERR_CONNECTION_REFUSED @ http://localhost:3000/@vite/client:1034
[ 5932025ms] [ERROR] WebSocket connection to 'ws://localhost:3000/' failed: Error in connection establishment: net::ERR_CONNECTION_REFUSED @ http://localhost:3000/@vite/client:1034
[ 5937806ms] [ERROR] WebSocket connection to 'ws://localhost:3000/' failed: Error in connection establishment: net::ERR_CONNECTION_REFUSED @ http://localhost:3000/@vite/client:1034
[ 5938807ms] [ERROR] WebSocket connection to 'ws://localhost:3000/' failed: Error in connection establishment: net::ERR_CONNECTION_REFUSED @ http://localhost:3000/@vite/client:1034
[ 5939809ms] [ERROR] WebSocket connection to 'ws://localhost:3000/' failed: Error in connection establishment: net::ERR_CONNECTION_REFUSED @ http://localhost:3000/@vite/client:1034
[ 5940108ms] [ERROR] Failed to load resource: net::ERR_CONNECTION_REFUSED @ http://localhost:8000/api/v1/overview/doctor:0
[ 5940108ms] [ERROR] Failed to load resource: net::ERR_CONNECTION_REFUSED @ http://localhost:8000/api/v1/overview/kpi:0
[ 5940810ms] [ERROR] WebSocket connection to 'ws://localhost:3000/' failed: Error in connection establishment: net::ERR_CONNECTION_REFUSED @ http://localhost:3000/@vite/client:1034
[ 5941813ms] [ERROR] WebSocket connection to 'ws://localhost:3000/' failed: Error in connection establishment: net::ERR_CONNECTION_REFUSED @ http://localhost:3000/@vite/client:1034
[ 5942815ms] [ERROR] WebSocket connection to 'ws://localhost:3000/' failed: Error in connection establishment: net::ERR_CONNECTION_REFUSED @ http://localhost:3000/@vite/client:1034
[ 5943819ms] [ERROR] WebSocket connection to 'ws://localhost:3000/' failed: Error in connection establishment: net::ERR_CONNECTION_REFUSED @ http://localhost:3000/@vite/client:1034
[ 5944828ms] [ERROR] WebSocket connection to 'ws://localhost:3000/' failed: Error in connection establishment: net::ERR_CONNECTION_REFUSED @ http://localhost:3000/@vite/client:1034
[ 5945836ms] [ERROR] WebSocket connection to 'ws://localhost:3000/' failed: Error in connection establishment: net::ERR_CONNECTION_REFUSED @ http://localhost:3000/@vite/client:1034
[ 5946869ms] [ERROR] WebSocket connection to 'ws://localhost:3000/' failed: Error in connection establishment: net::ERR_CONNECTION_REFUSED @ http://localhost:3000/@vite/client:1034
[ 5947899ms] [ERROR] WebSocket connection to 'ws://localhost:3000/' failed: Error in connection establishment: net::ERR_CONNECTION_REFUSED @ http://localhost:3000/@vite/client:1034
[ 5949008ms] [ERROR] WebSocket connection to 'ws://localhost:3000/' failed: Error in connection establishment: net::ERR_CONNECTION_REFUSED @ http://localhost:3000/@vite/client:1034
[ 5950248ms] [ERROR] WebSocket connection to 'ws://localhost:3000/' failed: Error in connection establishment: net::ERR_CONNECTION_REFUSED @ http://localhost:3000/@vite/client:1034
[ 5951483ms] [ERROR] WebSocket connection to 'ws://localhost:3000/' failed: Error in connection establishment: net::ERR_CONNECTION_REFUSED @ http://localhost:3000/@vite/client:1034
[ 5953638ms] [ERROR] WebSocket connection to 'ws://localhost:3000/' failed: Error in connection establishment: net::ERR_CONNECTION_REFUSED @ http://localhost:3000/@vite/client:1034
[ 5955302ms] [ERROR] WebSocket connection to 'ws://localhost:3000/' failed: Error in connection establishment: net::ERR_CONNECTION_REFUSED @ http://localhost:3000/@vite/client:1034
[ 5961287ms] [ERROR] WebSocket connection to 'ws://localhost:3000/' failed: Error in connection establishment: net::ERR_CONNECTION_REFUSED @ http://localhost:3000/@vite/client:1034
[ 5964435ms] [ERROR] WebSocket connection to 'ws://localhost:3000/' failed: Error in connection establishment: net::ERR_CONNECTION_REFUSED @ http://localhost:3000/@vite/client:1034
[ 5967823ms] [ERROR] WebSocket connection to 'ws://localhost:3000/' failed: Error in connection establishment: net::ERR_CONNECTION_REFUSED @ http://localhost:3000/@vite/client:1034
[ 5970101ms] [ERROR] Failed to load resource: net::ERR_CONNECTION_REFUSED @ http://localhost:8000/api/v1/overview/doctor:0
[ 5970101ms] [ERROR] Failed to load resource: net::ERR_CONNECTION_REFUSED @ http://localhost:8000/api/v1/overview/kpi:0
[ 5970655ms] [ERROR] WebSocket connection to 'ws://localhost:3000/' failed: Error in connection establishment: net::ERR_CONNECTION_REFUSED @ http://localhost:3000/@vite/client:1034
[ 5976443ms] [ERROR] WebSocket connection to 'ws://localhost:3000/' failed: Error in connection establishment: net::ERR_CONNECTION_REFUSED @ http://localhost:3000/@vite/client:1034
[ 5980342ms] [ERROR] WebSocket connection to 'ws://localhost:3000/' failed: Error in connection establishment: net::ERR_CONNECTION_REFUSED @ http://localhost:3000/@vite/client:1034
[ 5985429ms] [ERROR] WebSocket connection to 'ws://localhost:3000/' failed: Error in connection establishment: net::ERR_CONNECTION_REFUSED @ http://localhost:3000/@vite/client:1034
[ 5989478ms] [ERROR] WebSocket connection to 'ws://localhost:3000/' failed: Error in connection establishment: net::ERR_CONNECTION_REFUSED @ http://localhost:3000/@vite/client:1034
[ 5992754ms] [ERROR] WebSocket connection to 'ws://localhost:3000/' failed: Error in connection establishment: net::ERR_CONNECTION_REFUSED @ http://localhost:3000/@vite/client:1034
[ 5997443ms] [ERROR] WebSocket connection to 'ws://localhost:3000/' failed: Error in connection establishment: net::ERR_CONNECTION_REFUSED @ http://localhost:3000/@vite/client:1034
[ 6000101ms] [ERROR] Failed to load resource: net::ERR_CONNECTION_REFUSED @ http://localhost:8000/api/v1/overview/doctor:0
[ 6000101ms] [ERROR] Failed to load resource: net::ERR_CONNECTION_REFUSED @ http://localhost:8000/api/v1/overview/kpi:0
[ 6001968ms] [ERROR] WebSocket connection to 'ws://localhost:3000/' failed: Error in connection establishment: net::ERR_CONNECTION_REFUSED @ http://localhost:3000/@vite/client:1034
[ 6004828ms] [ERROR] WebSocket connection to 'ws://localhost:3000/' failed: Error in connection establishment: net::ERR_CONNECTION_REFUSED @ http://localhost:3000/@vite/client:1034
[ 6009797ms] [ERROR] WebSocket connection to 'ws://localhost:3000/' failed: Error in connection establishment: net::ERR_CONNECTION_REFUSED @ http://localhost:3000/@vite/client:1034
[ 6015288ms] [ERROR] WebSocket connection to 'ws://localhost:3000/' failed: Error in connection establishment: net::ERR_CONNECTION_REFUSED @ http://localhost:3000/@vite/client:1034
[ 6021037ms] [ERROR] WebSocket connection to 'ws://localhost:3000/' failed: Error in connection establishment: net::ERR_CONNECTION_REFUSED @ http://localhost:3000/@vite/client:1034
[ 6024062ms] [ERROR] WebSocket connection to 'ws://localhost:3000/' failed: Error in connection establishment: net::ERR_CONNECTION_REFUSED @ http://localhost:3000/@vite/client:1034
[ 6028890ms] [ERROR] WebSocket connection to 'ws://localhost:3000/' failed: Error in connection establishment: net::ERR_CONNECTION_REFUSED @ http://localhost:3000/@vite/client:1034
[ 6030102ms] [ERROR] Failed to load resource: net::ERR_CONNECTION_REFUSED @ http://localhost:8000/api/v1/overview/doctor:0
[ 6030102ms] [ERROR] Failed to load resource: net::ERR_CONNECTION_REFUSED @ http://localhost:8000/api/v1/overview/kpi:0
